api_id,parameters,response_metadata,server,set-cookie,content-type,referrer-policy,x-frame-options,x-xss-protection,strict-transport-security,expect-ct,x-ratelimit-limit,x-powered-by,x-aspnet-version,access-control-allow-origin,metadata_fields_count,parameters_count
1117,"{""q"": ""Running""}",0,0,0,0,0,0,0,0,0,0,0,0,0,0,1
1148,{},"{""via"": ""kong/0.36-2-enterprise-edition"", ""x-v"": ""1"", ""date"": ""Wed, 01 Apr 2020 12:56:28 GMT"", ""server"": ""istio-envoy"", ""X-Iinfo"": ""13-11359-11201 2NYN RT(1585745788372 208) q(0 0 0 0) r(4 4)"", ""Set-Cookie"": ""incap_ses_998_2087933=bQUEEEwrgDTdNnYX0JzZDXyPhF4AAAAA06U3VkxheDfWIZQ8eebWzg==; path=/; Secure; SameSite=None"", ""content-type"": ""application/json"", ""cache-control"": ""max-age=3600, public"", ""referrer-policy"": ""no-referrer"", ""x-frame-options"": ""DENY, DENY"", ""Content-Encoding"": ""gzip"", ""x-xss-protection"": ""1; mode=block, 1 ; mode=block"", ""Transfer-Encoding"": ""chunked"", ""x-kong-proxy-latency"": ""21"", ""x-content-type-options"": ""nosniff, nosniff"", ""x-kong-upstream-latency"": ""249"", ""x-ratelimit-limit-minute"": ""1800"", ""strict-transport-security"": ""max-age=31557600;includeSubDomains"", ""x-ratelimit-remaining-minute"": ""1786.6""}",1,0,1,1,0,1,0,0,0,0,0,0,7,0
1147,"{""v"": ""1""}","{""Date"": ""Wed, 18 Mar 2020 07:27:41 GMT"", ""Server"": ""AkamaiGHost"", ""Expires"": ""Wed, 18 Mar 2020 07:27:41 GMT"", ""Connection"": ""close"", ""Content-Type"": ""text/html"", ""Mime-Version"": ""1.0"", ""Content-Length"": ""311""}",1,0,1,0,0,0,0,0,0,0,0,0,2,1
1119,"{""lang"": ""en-zh"", ""text"": ""GNE is a good school, but students need talent nurturing."", ""format"": ""plain""}","{""Date"": ""Mon, 23 Dec 2019 23:10:35 GMT"", ""Server"": ""nginx/1.6.2"", ""Connection"": ""keep-alive"", ""Keep-Alive"": ""timeout=120"", ""Content-Type"": ""application/json; charset=utf-8"", ""Cache-Control"": ""no-store"", ""Content-Length"": ""114"", ""X-Content-Type-Options"": ""nosniff""}",1,0,0,0,0,0,0,0,0,0,0,0,2,3
1050,"{""q"": ""Dehri, Bihar, India""}","{""Date"": ""Thu, 07 Oct 2021 19:14:31 GMT"", ""Vary"": ""Origin, X-Origin, Referer"", ""Server"": ""ESF"", ""Alt-Svc"": ""h3=\"":443\""; ma=2592000,h3-29=\"":443\""; ma=2592000,h3-T051=\"":443\""; ma=2592000,h3-Q050=\"":443\""; ma=2592000,h3-Q046=\"":443\""; ma=2592000,h3-Q043=\"":443\""; ma=2592000,quic=\"":443\""; ma=2592000; v=\""46,43\"""", ""Content-Type"": ""application/json; charset=UTF-8"", ""Cache-Control"": ""private"", ""X-Frame-Options"": ""SAMEORIGIN"", ""Content-Encoding"": ""gzip"", ""X-XSS-Protection"": ""0"", ""Transfer-Encoding"": ""chunked"", ""X-Content-Type-Options"": ""nosniff""}",1,0,0,0,1,0,0,0,0,0,0,0,4,1
1118,{},"{""Date"": ""Mon, 23 Dec 2019 21:22:57 GMT"", ""Content-Type"": ""application/json"", ""Content-Length"": ""3930""}",0,0,1,0,0,0,0,0,0,0,0,0,1,0
1120,"{""customer_id"": ""cus_MV14KAbEbeWQ6F""}","{""Date"": ""Mon, 23 Dec 2019 22:18:02 GMT"", ""Vary"": ""Accept-Encoding"", ""CF-Ray"": ""549db57f9b53f99d-YYZ"", ""Server"": ""cloudflare"", ""Expect-CT"": ""max-age=604800, report-uri=\""https://report-uri.cloudflare.com/cdn-cgi/beacon/expect-ct\"""", ""Connection"": ""keep-alive"", ""Set-Cookie"": ""__cfduid=dd489b052190aa86b4cef0d26faaf5e441577139481; expires=Wed, 22-Jan-20 22:18:01 GMT; path=/; domain=.postmates.com; HttpOnly; SameSite=Lax"", ""Pm-Trace-Id"": ""9f258c3c35ff73254e6934b07caa445a"", ""Content-Type"": ""application/json; charset=utf-8"", ""CF-Cache-Status"": ""DYNAMIC"", ""Content-Encoding"": ""gzip"", ""Transfer-Encoding"": ""chunked"", ""Strict-Transport-Security"": ""max-age=15724800; includeSubDomains""}",1,1,0,0,0,0,0,0,0,0,0,0,5,1
1147,"{""v"": ""1"", ""locationType"": ""atm""}","{""Date"": ""Wed, 18 Mar 2020 07:15:27 GMT"", ""Server"": ""AkamaiGHost"", ""Expires"": ""Wed, 18 Mar 2020 07:15:27 GMT"", ""Connection"": ""close"", ""Content-Type"": ""text/html"", ""Mime-Version"": ""1.0"", ""Content-Length"": ""313""}",1,0,1,0,0,0,0,0,0,0,0,0,2,2
1118,{},"{""Date"": ""Mon, 23 Dec 2019 21:22:19 GMT"", ""Content-Type"": ""application/json"", ""Content-Length"": ""299""}",0,0,1,0,0,0,0,0,0,0,0,0,1,0
1121,"{""page"": ""10"", ""query"": ""Punjab"", ""per_page"": ""10""}","{""Date"": ""Mon, 23 Dec 2019 23:32:07 GMT"", ""Etag"": ""W/\""c77cb52ba3106d68bc65efdbfcdd431c\"""", ""Vary"": ""Origin"", ""CF-RAY"": ""549e220a0cd3cac4-YYZ"", ""Server"": ""cloudflare"", ""Alt-Svc"": ""h3-24=\"":443\""; ma=86400, h3-23=\"":443\""; ma=86400"", ""Expect-CT"": ""max-age=604800, report-uri=\""https://report-uri.cloudflare.com/cdn-cgi/beacon/expect-ct\"""", ""X-Runtime"": ""0.061841"", ""Connection"": ""keep-alive"", ""Set-Cookie"": ""__cfduid=dd8d06e2c941ae0d5ac054a3d297ce0f71577143927; expires=Wed, 22-Jan-20 23:32:07 GMT; path=/; domain=.pexels.com; HttpOnly; SameSite=Lax"", ""Content-Type"": ""application/json; charset=utf-8"", ""X-Request-Id"": ""effd61e7-ae9e-4005-a9a9-3a6e3f1cd9ff"", ""Cache-Control"": ""max-age=0, private, must-revalidate"", ""CF-Cache-Status"": ""DYNAMIC"", ""X-Frame-Options"": ""ALLOWALL"", ""Content-Encoding"": ""gzip"", ""Transfer-Encoding"": ""chunked"", ""X-Ratelimit-Limit"": ""20000"", ""X-Ratelimit-Reset"": ""1579663293"", ""X-Ratelimit-Remaining"": ""19994""}",1,1,0,0,1,0,0,0,0,0,0,0,6,3
1124,"{""ID"": ""vgv9p5""}","{""Date"": ""Wed, 25 Dec 2019 10:07:51 GMT"", ""CF-RAY"": ""54aa02a7c9daca94-YYZ"", ""Server"": ""cloudflare"", ""Expect-CT"": ""max-age=604800, report-uri=\""https://report-uri.cloudflare.com/cdn-cgi/beacon/expect-ct\"""", ""Connection"": ""keep-alive"", ""Set-Cookie"": ""__cfduid=d2a1bb230c1f06ce2dfe47cf7b74f13b71577268471; expires=Fri, 24-Jan-20 10:07:51 GMT; path=/; domain=.wallhaven.cc; HttpOnly; SameSite=Lax"", ""Content-Type"": ""application/json"", ""Cache-Control"": ""no-cache, private"", ""CF-Cache-Status"": ""DYNAMIC"", ""X-Frame-Options"": ""sameorigin"", ""Content-Encoding"": ""gzip"", ""Transfer-Encoding"": ""chunked"", ""X-RateLimit-Limit"": ""45"", ""X-RateLimit-Remaining"": ""44""}",1,1,1,0,1,0,0,0,0,0,0,0,6,1
1124,"{""q"": ""nature""}","{""Date"": ""Wed, 25 Dec 2019 10:08:43 GMT"", ""CF-RAY"": ""54aa03e26a7bcacc-YYZ"", ""Server"": ""cloudflare"", ""Expect-CT"": ""max-age=604800, report-uri=\""https://report-uri.cloudflare.com/cdn-cgi/beacon/expect-ct\"""", ""Connection"": ""keep-alive"", ""Set-Cookie"": ""__cfduid=d27ee13734e59dd468263581ff216e6cf1577268521; expires=Fri, 24-Jan-20 10:08:41 GMT; path=/; domain=.wallhaven.cc; HttpOnly; SameSite=Lax"", ""Content-Type"": ""application/json"", ""Cache-Control"": ""no-cache, private"", ""CF-Cache-Status"": ""DYNAMIC"", ""X-Frame-Options"": ""sameorigin"", ""Content-Encoding"": ""gzip"", ""Transfer-Encoding"": ""chunked"", ""X-RateLimit-Limit"": ""45"", ""X-RateLimit-Remaining"": ""42""}",1,1,1,0,1,0,0,0,0,0,0,0,6,1
1125,"{""siteId"": ""10107"", ""toDate"": ""2019120212"", ""fromDate"": ""2019120112""}","{""Date"": ""Thu, 26 Dec 2019 09:27:30 GMT"", ""Pragma"": ""no-cache"", ""Server"": ""Microsoft-IIS/8.5"", ""Expires"": ""-1"", ""Content-Type"": ""application/json; charset=utf-8"", ""X-Powered-By"": ""ASP.NET"", ""Cache-Control"": ""no-cache"", ""Content-Length"": ""3727"", ""X-AspNet-Version"": ""4.0.30319""}",1,0,0,0,0,0,0,0,0,1,1,0,4,3
1125,"{""toDate"": ""2019120212"", ""fromDate"": ""2019120112"", ""monitoringPurpose"": ""1010""}","{""Date"": ""Wed, 04 Mar 2020 19:11:40 GMT"", ""Pragma"": ""no-cache"", ""Server"": ""Microsoft-IIS/8.5"", ""Expires"": ""-1"", ""Content-Type"": ""application/json; charset=utf-8"", ""X-Powered-By"": ""ASP.NET"", ""Cache-Control"": ""no-cache"", ""Content-Length"": ""12877"", ""X-AspNet-Version"": ""4.0.30319""}",1,0,0,0,0,0,0,0,0,1,1,0,4,3
1125,"{""datetimestart"": ""2019122010""}",0,0,0,0,0,0,0,0,0,0,0,0,0,0,1
1128,"{""desc"": ""1"", ""title"": ""doom"", ""pageSize"": ""1""}","{""Date"": ""Fri, 10 Jan 2020 20:24:43 GMT"", ""Vary"": ""Accept-Encoding"", ""CF-Ray"": ""553160442d93f985-YYZ"", ""Server"": ""cloudflare"", ""Expect-CT"": ""max-age=604800, report-uri=\""https://report-uri.cloudflare.com/cdn-cgi/beacon/expect-ct\"""", ""PHP-Cache"": ""MISS"", ""Connection"": ""keep-alive"", ""Set-Cookie"": ""__cfduid=dac41700489edfddb3f9a8d21f33420861578687882; expires=Sun, 09-Feb-20 20:24:42 GMT; path=/; domain=.cheapshark.com; HttpOnly; SameSite=Lax; Secure"", ""Content-Type"": ""application/json"", ""X-Powered-By"": ""PleskLin"", ""Accept-Ranges"": ""bytes"", ""Cache-Control"": ""max-age=300, s-maxage=600, public"", ""Content-Length"": ""429"", ""CF-Cache-Status"": ""MISS"", ""Content-Encoding"": ""gzip"", ""Access-Control-Allow-Origin"": ""*""}",1,0,1,0,0,0,0,0,0,1,0,1,6,3
1128,"{""email"": ""baljeet.malhotra@sap.com"", ""price"": ""56"", ""action"": ""delete"", ""gameID"": ""195526""}","{""Date"": ""Fri, 27 Dec 2019 00:19:28 GMT"", ""Vary"": ""Accept-Encoding"", ""CF-Ray"": ""54b71f8949f2f999-YYZ"", ""Server"": ""cloudflare"", ""Connection"": ""keep-alive"", ""Set-Cookie"": ""__cfduid=da01f6fa4aeed5d6e638a34222cbbf70f1577405968; expires=Sun, 26-Jan-20 00:19:28 GMT; path=/; domain=.cheapshark.com; HttpOnly; SameSite=Lax"", ""Content-Type"": ""text/html; charset=UTF-8"", ""X-Powered-By"": ""PleskLin"", ""Cache-Control"": ""private, no-store"", ""CF-Cache-Status"": ""BYPASS"", ""Content-Encoding"": ""gzip"", ""Transfer-Encoding"": ""chunked"", ""Access-Control-Allow-Origin"": ""*""}",1,1,0,0,0,0,0,0,0,1,0,1,5,4
1099,{},"{""Via"": ""1.1 google, 1.1 0dbb84b34f6ac39ad26a6446ff2b18ec.cloudfront.net (CloudFront)"", ""Date"": ""Tue, 01 Sep 2020 08:57:47 GMT"", ""Vary"": ""Origin,Accept-Encoding"", ""Server"": ""nginx"", ""X-Cache"": ""Miss from cloudfront"", ""Connection"": ""keep-alive"", ""X-Amz-Cf-Id"": ""g3mmfoKi4E8938Xi0_yDeiU3MNeyY_gKgd-usN8NVeXzDrHUp5n_UQ=="", ""Content-Type"": ""application/json; charset=utf-8"", ""X-Amz-Cf-Pop"": ""YUL62-C1"", ""Cache-Control"": ""public, max-age=300"", ""Content-Length"": ""388"", ""Content-Encoding"": ""gzip"", ""Access-Control-Max-Age"": ""600"", ""X-Apiproxy-Cache-Status"": ""MISS""}",1,0,0,0,0,0,0,0,0,0,0,0,2,0
1099,"{""area_name"": ""san-francisco-bay-area""}","{""Via"": ""1.1 google, 1.1 03a54a35803faccdfb1a470abe1c920e.cloudfront.net (CloudFront)"", ""Date"": ""Fri, 27 Dec 2019 07:43:59 GMT"", ""Vary"": ""Origin,Accept-Encoding"", ""Server"": ""nginx"", ""X-Cache"": ""Miss from cloudfront"", ""Connection"": ""keep-alive"", ""X-Amz-Cf-Id"": ""zjxjewnVPi4yJqRi71rmnekqh7yS6eoEMwR5Mf3o0vKVU21gESrcuQ=="", ""Content-Type"": ""application/json; charset=utf-8"", ""X-Amz-Cf-Pop"": ""YUL62-C1"", ""Cache-Control"": ""public, max-age=300"", ""Content-Length"": ""916"", ""Content-Encoding"": ""gzip"", ""Access-Control-Max-Age"": ""600"", ""X-Apiproxy-Cache-Status"": ""MISS""}",1,0,0,0,0,0,0,0,0,0,0,0,2,1
1099,"{""area_name"": ""mumbai""}","{""Via"": ""1.1 google, 1.1 a1ba4b0527e41da66664ba375de24b7d.cloudfront.net (CloudFront)"", ""Date"": ""Fri, 27 Dec 2019 08:05:47 GMT"", ""Vary"": ""Origin,Accept-Encoding"", ""Server"": ""nginx"", ""X-Cache"": ""Miss from cloudfront"", ""Connection"": ""keep-alive"", ""X-Amz-Cf-Id"": ""tFIfLQflsq4JkxM9oIukl4jlHM8nvQk2W_MBBXw-NukbdilBRejE9w=="", ""Content-Type"": ""application/json; charset=utf-8"", ""X-Amz-Cf-Pop"": ""YUL62-C1"", ""Cache-Control"": ""public, max-age=300"", ""Content-Length"": ""430"", ""Content-Encoding"": ""gzip"", ""Access-Control-Max-Age"": ""600"", ""X-Apiproxy-Cache-Status"": ""MISS""}",1,0,0,0,0,0,0,0,0,0,0,0,2,1
1132,"{""user_id"": ""asasqww1wasasasqw1w1wsasssdwsqwwqwqsas2w2w22211w12235544erefdwee2esas""}","{""Date"": ""Sat, 05 Mar 2022 00:51:02 GMT"", ""Vary"": ""Cookie"", ""Server"": ""nginx/1.17.10"", ""Connection"": ""keep-alive"", ""Content-Type"": ""text/html; charset=utf-8"", ""Content-Length"": ""7932"", ""X-Frame-Options"": ""SAMEORIGIN""}",1,0,0,0,1,0,0,0,0,0,0,0,3,1
1133,"{""user_id"": ""TestCase object (184)""}","{""Date"": ""Mon, 17 Jan 2022 05:32:06 GMT"", ""Vary"": ""Cookie"", ""Server"": ""nginx/1.17.10"", ""Connection"": ""keep-alive"", ""Content-Type"": ""text/html; charset=utf-8"", ""Content-Length"": ""7932"", ""X-Frame-Options"": ""SAMEORIGIN""}",1,0,0,0,1,0,0,0,0,0,0,0,3,1
1134,"{""v"": ""rwrewe"", ""userip"": ""'1'='1'\"""", ""publisher"": ""123434g"", ""useragent"": ""rets""}","{""Date"": ""Thu, 30 Jan 2020 18:26:23 GMT"", ""Vary"": ""Accept-Encoding, User-Agent"", ""Pragma"": ""no-cache"", ""Server"": ""nginx"", ""Expires"": ""Thu, 30 Jan 2020 18:25:23 GMT"", ""lb_pool"": ""mesos_external_pool"", ""Connection"": ""keep-alive"", ""Set-Cookie"": ""CTK=\""\"";Version=1;Path=/;Expires=Thu, 01-Jan-1970 00:00:00 GMT;Max-Age=0, CTK=1dvrr8gfm4sol800;Path=/;Domain=.indeed.com;Expires=Tue, 03-Feb-2037 13:14:54 GMT, ctkgen=1;Path=/;Expires=Thu, 30-Jan-2020 18:29:23 GMT"", ""Content-Type"": ""application/xml;charset=utf-8"", ""Cache-Control"": ""no-store, no-cache, must-revalidate, private"", ""Content-Encoding"": ""gzip"", ""Transfer-Encoding"": ""chunked""}",1,1,0,0,0,0,0,0,0,0,0,0,3,4
1148,"{""productId"": ""7c277163-1b71-d314-0f1f-b7e713b5eaf4""}","{""x-v"": ""1"", ""Date"": ""Wed, 18 Mar 2020 23:03:30 GMT"", ""Etag"": ""\""d1d59174\"""", ""server"": ""istio-envoy"", ""Expires"": ""Wed, 18 Mar 2020 23:34:09 GMT"", ""X-Iinfo"": ""5-5795082-5788927 2CNN RT(1584572609312 206) q(0 0 0 1) r(0 0)"", ""Set-Cookie"": ""incap_ses_249_2087933=MXkkc9uacwTH9FN61qV0A8Gocl4AAAAAexatf2zIOwpchl4DUN4spw==; path=/; Secure; SameSite=None"", ""Content-Type"": ""application/json"", ""Cache-Control"": ""max-age=1839, public"", ""Content-Length"": ""1228"", ""Content-Encoding"": ""gzip"", ""Strict-Transport-Security"": ""max-age=31536000""}",1,0,1,0,0,0,1,0,0,0,0,0,4,1
1147,"{""x-v"": ""1"", ""productId"": ""afa21411-ef95-470e-9053-83d8cd33ddc6""}","{""x-v"": ""1"", ""Date"": ""Thu, 19 Mar 2020 01:18:11 GMT"", ""Vary"": ""Accept-Encoding"", ""Connection"": ""keep-alive"", ""Content-Type"": ""application/json"", ""Cache-Control"": ""no-store"", ""Content-Length"": ""923"", ""X-Amzn-Trace-Id"": ""root=1-5e72c852-3be3f074ed9752ace94fdd20;sampled=0"", ""x-correlationid"": ""f9b12d97-a07d-496a-8086-a66f9faa9e10"", ""Content-Encoding"": ""gzip"", ""x-amzn-RequestId"": ""373c1fbc-1d38-4d40-b382-776f6ec50da2"", ""X-Kong-Proxy-Latency"": ""85"", ""X-Amz-Executed-Version"": ""$LATEST"", ""X-Kong-Upstream-Latency"": ""1059"", ""Strict-Transport-Security"": ""max-age=31536000; includeSubDomains"", ""x-amzn-Remapped-Content-Length"": ""0""}",0,0,1,0,0,0,0,0,0,0,0,0,2,2
1136,"{""RegistrationNumber"": ""WB24AE4770""}","{""Date"": ""Fri, 01 May 2020 01:43:23 GMT"", ""Vary"": ""Accept-Encoding"", ""Server"": ""Microsoft-IIS/8.5"", ""Content-Type"": ""text/xml; charset=utf-8"", ""X-Powered-By"": ""ASP.NET"", ""Cache-Control"": ""private, max-age=0"", ""Content-Length"": ""613"", ""Content-Encoding"": ""gzip"", ""X-AspNet-Version"": ""4.0.30319"", ""Access-Control-Allow-Origin"": ""*""}",1,0,0,0,0,0,0,0,0,1,1,1,5,1
1137,{},"{""Date"": ""Wed, 04 Mar 2020 20:23:34 GMT"", ""X-Li-Pop"": ""prod-edc2"", ""X-LI-UUID"": ""dVAZfIoz+RWQUQKXOCsAAA=="", ""Connection"": ""keep-alive"", ""Set-Cookie"": ""lidc=\""b=SB07:g=117:u=21:i=1583353413:t=1583439807:s=AQEOISwnRvg0WYeIf4AgWVMie9chmpUA\""; SameSite=None; Secure"", ""X-LI-Proto"": ""http/1.1"", ""X-Li-Fabric"": ""prod-lsg1"", ""Content-Type"": ""application/json"", ""Content-Length"": ""267"", ""X-LI-Route-Key"": ""\""b=SB07:g=117:u=21:i=1583353413:t=1583439807:s=AQEOISwnRvg0WYeIf4AgWVMie9chmpUA\""; SameSite=None; Secure"", ""X-LI-ResponseOrigin"": ""RGW"", ""X-RestLi-Protocol-Version"": ""1.0.0""}",0,0,1,0,0,0,0,0,0,0,0,0,2,0
1166,"{""to"": ""16044997411"", ""message"": ""This is for my darling ðŸ’ðŸ‘ŒðŸŽðŸ˜"", ""username"": ""api.admin""}","{""Date"": ""Sun, 02 Aug 2020 08:43:28 GMT"", ""Server"": ""nginx/1.15.9"", ""X-AT-Server"": ""sms-api"", ""Content-Type"": ""application/json"", ""Content-Length"": ""234""}",1,0,1,0,0,0,0,0,0,0,0,0,2,3
1139,"{""clip"": ""IncredulousAbstemiousFennelImGlitch""}","{""Date"": ""Fri, 13 Dec 2019 04:54:21 GMT"", ""Vary"": ""Accept-Encoding, X-ENV, X-PLAYER, X-TWILIGHT"", ""X-Cache"": ""MISS"", ""X-Timer"": ""S1576212862.775224,VS0,VE60"", ""Connection"": ""keep-alive"", ""X-Amz-Cf-Id"": ""Qjb0tq7tVXJZR8IHbJiXAbyEs0EKNuoDBYhUr3Hmd0NwWg79A-SFYw=="", ""X-Served-By"": ""cache-yyz4546-YYZ"", ""Content-Type"": ""text/html"", ""X-Amz-Cf-Pop"": ""IAD53"", ""X-Cache-Hits"": ""0"", ""Accept-Ranges"": ""bytes"", ""Cache-Control"": ""public, max-age=29"", ""Last-Modified"": ""Thu, 17 Oct 2019 21:33:42 GMT"", ""Content-Length"": ""609"", ""Content-Encoding"": ""gzip"", ""Access-Control-Allow-Origin"": ""*"", ""Access-Control-Allow-Methods"": ""GET""}",0,0,1,0,0,0,0,0,0,0,0,1,2,1
1140,{},"{""age"": ""0"", ""Date"": ""Mon, 02 Mar 2020 23:17:36 GMT"", ""Vary"": ""Accept-Encoding"", ""X-CDN"": ""fastly"", ""Connection"": ""keep-alive"", ""set-cookie"": ""_ir=0; Max-Age=1800; HttpOnly; Path=/; Secure"", ""content-type"": ""application/json"", ""cache-control"": ""private"", ""x-frame-options"": ""DENY"", ""x-pinterest-rid"": ""0400767314237141"", ""content-encoding"": ""gzip"", ""pinterest-version"": ""6f515e7"", ""transfer-encoding"": ""chunked"", ""x-ratelimit-limit"": ""5"", ""x-ratelimit-remaining"": ""4"", ""Pinterest-Generated-By"": ""coreapp-ngapi-prod-0a0184bb"", ""x-content-type-options"": ""nosniff"", ""access-control-allow-origin"": ""*"", ""x-envoy-upstream-service-time"": ""32""}",0,0,1,0,0,0,0,0,0,0,0,1,5,0
1142,{},"{""P3P"": ""CP=\""NOI ADM DEV PSAi COM NAV OUR OTRo STP IND DEM\"""", ""Date"": ""Tue, 03 Mar 2020 01:39:24 GMT"", ""Vary"": ""Accept, Accept-Encoding"", ""Allow"": ""GET, HEAD, OPTIONS"", ""Server"": ""nginx"", ""Connection"": ""keep-alive"", ""Set-Cookie"": ""mgrefby=; Domain=.eventbriteapi.com; expires=Wed, 03-Mar-2021 01:39:24 GMT; httponly; Max-Age=31536000; Path=/; secure, G=v%3D2%26i%3D59e65ff4-f350-43ba-af3e-6c43c8e94822%26a%3Dc9c%26s%3D7b6e31a6ea7c32ce602d4658e8584321d923fdd0; Domain=.eventbriteapi.com; expires=Wed, 03-Mar-2021 01:39:24 GMT; httponly; Path=/; secure, ebEventToTrack=; Domain=.eventbrite.com; expires=Thu, 02-Apr-2020 01:39:24 GMT; httponly; Path=/; secure, SS=AE3DLHRUN1t5tAnZJNB66XEPh5w3hCOyqA; Domain=.eventbriteapi.com; httponly; Path=/; secure, eblang=lo%3Den_US%26la%3Den-us; Domain=.eventbriteapi.com; expires=Wed, 03-Mar-2021 01:39:24 GMT; httponly; Path=/; secure, AN=; Domain=.eventbrite.com; expires=Thu, 02-Apr-2020 01:39:24 GMT; httponly; Path=/; secure, AS=778cb1d1-95fa-40cf-a831-cab1dbbf86c0; Domain=.eventbriteapi.com; httponly; Path=/; secure, mgref=typeins; Domain=.eventbriteapi.com; expires=Wed, 03-Mar-2021 01:39:24 GMT; httponly; Max-Age=31536000; Path=/; secure, SP=AGQgbbnanrhFdO8LhxeaLZFvR1byMOX4ZEBSgYII3pvgB27lBHPvQLNbPEP_2Gq7fUoRl159s5-WNCul2TJRvBt_Or8TP53DV-3EenUqzIKOpDtFPaVLvn-4ZEFx8i1H9HQJNOr3exhi5DD9XGVof8y5pHefy75jp1krqN1sSYVwTWrePZztsHT-1MSkfRE3eEMmT1G-ULzzjmQjW5AFeOBuNncv2UBjtKrOAZvtGMcGQvGCPudxXMM; Domain=.eventbriteapi.com; httponly; Path=/; secure"", ""Content-Type"": ""application/json"", ""X-Rate-Limit"": ""token:NBV35B6ZMF33LQAOR5S6 1/2000 reset=3600s, key:HQYTTYN3HNXIVTASHQ 3/2000 reset=2309s"", ""Content-Length"": ""1573"", ""X-Frame-Options"": ""SAMEORIGIN"", ""X-UA-Compatible"": ""IE=edge"", ""Content-Encoding"": ""gzip"", ""x-xss-protection"": ""1; mode=block"", ""Access-Control-Max-Age"": ""600"", ""x-content-type-options"": ""nosniff"", ""Strict-Transport-Security"": ""max-age=31536000 ; includeSubDomains"", ""Access-Control-Allow-Origin"": ""*"", ""Access-Control-Allow-Headers"": ""Authorization, Content-Type, Eventbrite-API-Waypoint-Token, Eventbrite-API-Deprecated-Features""}",1,1,1,0,1,1,0,0,0,0,0,1,7,0
1130,"{""user_id"": ""1 new test""}",0,0,0,0,0,0,0,0,0,0,0,0,0,0,1
1162,"{""text"": ""Hello From API Discovery!"", ""channel"": ""c011chukv4m""}","{""Via"": ""1.1 b7f480ddbe20bc339525f8e43ddce81a.cloudfront.net (CloudFront)"", ""Date"": ""Tue, 14 Apr 2020 20:31:49 GMT"", ""Vary"": ""Accept-Encoding"", ""X-Via"": ""haproxy-www-b1g8"", ""Pragma"": ""no-cache"", ""Server"": ""Apache"", ""Expires"": ""Mon, 26 Jul 1997 05:00:00 GMT"", ""X-Cache"": ""Miss from cloudfront"", ""Connection"": ""keep-alive"", ""X-Amz-Cf-Id"": ""sB2mrxBWSU0VA-idK32ZpUSHuQWxwpGy4y1SrQMUQmbbWg25Ws10LQ=="", ""Content-Type"": ""application/json; charset=utf-8"", ""X-Amz-Cf-Pop"": ""YUL62-C1"", ""Cache-Control"": ""private, no-cache, no-store, must-revalidate"", ""Content-Length"": ""111"", ""X-OAuth-Scopes"": ""incoming-webhook,channels:read,chat:write"", ""X-Slack-Req-Id"": ""a4964d24c4f1028bfdbafc3a9eff3a4b"", ""Referrer-Policy"": ""no-referrer"", ""X-Slack-Backend"": ""r"", ""Content-Encoding"": ""gzip"", ""X-XSS-Protection"": ""0"", ""X-Content-Type-Options"": ""nosniff"", ""X-Accepted-OAuth-Scopes"": ""chat:write:user"", ""Strict-Transport-Security"": ""max-age=31536000; includeSubDomains; preload"", ""Access-Control-Allow-Origin"": ""*"", ""Access-Control-Allow-Headers"": ""slack-route, x-slack-version-ts, x-b3-traceid, x-b3-spanid, x-b3-parentspanid, x-b3-sampled, x-b3-flags"", ""Access-Control-Expose-Headers"": ""x-slack-req-id, retry-after""}",1,0,0,1,0,0,0,0,0,0,0,1,6,2
1162,"{""text"": ""Hello world"", ""channel"": ""C011CHUKV4M""}","{""Via"": ""1.1 9e25cde80ebbb4b50393d0f96c5d8e2f.cloudfront.net (CloudFront)"", ""Date"": ""Fri, 24 Apr 2020 02:46:00 GMT"", ""Vary"": ""Accept-Encoding"", ""X-Via"": ""haproxy-www-qynb"", ""Pragma"": ""no-cache"", ""Server"": ""Apache"", ""Expires"": ""Mon, 26 Jul 1997 05:00:00 GMT"", ""X-Cache"": ""Miss from cloudfront"", ""Connection"": ""keep-alive"", ""X-Amz-Cf-Id"": ""p9DjovDIbjPhEc7NDPYOnOywJqvRQ6bH2O0Vdn2oR_OyjmDWNOUleg=="", ""Content-Type"": ""application/json; charset=utf-8"", ""X-Amz-Cf-Pop"": ""YUL62-C1"", ""Cache-Control"": ""private, no-cache, no-store, must-revalidate"", ""Content-Length"": ""324"", ""X-OAuth-Scopes"": ""incoming-webhook,channels:read,chat:write"", ""X-Slack-Req-Id"": ""1b89dd86bdcd382d445c757ede5a2e7d"", ""Referrer-Policy"": ""no-referrer"", ""X-Slack-Backend"": ""h"", ""Content-Encoding"": ""gzip"", ""X-XSS-Protection"": ""0"", ""X-Content-Type-Options"": ""nosniff"", ""X-Accepted-OAuth-Scopes"": ""chat:write"", ""Strict-Transport-Security"": ""max-age=31536000; includeSubDomains; preload"", ""Access-Control-Allow-Origin"": ""*"", ""Access-Control-Allow-Headers"": ""slack-route, x-slack-version-ts, x-b3-traceid, x-b3-spanid, x-b3-parentspanid, x-b3-sampled, x-b3-flags"", ""Access-Control-Expose-Headers"": ""x-slack-req-id, retry-after""}",1,0,0,1,0,0,0,0,0,0,0,1,6,2
1150,"{""q"": ""(function(){var request = new XMLHttpRequest();request.open(\""GET\"", \""localhost:8000/edsn/api/xss_and_deserialize?testId=1585759000285449\"", true);request.send();var request2 = new XMLHttpRequest();request2.open(\""GET\"", \""https://dev.teejlab.com/edsn/api/xss_and_deserialize?testId=1585759000285449\"", true);request2.send();var request3 = new XMLHttpRequest();request3.open(\""GET\"", \""https://teejlab.com/edsn/api/xss_and_deserialize?testId=1585759000285449\"", true);request3.send()})()""}","{""Date"": ""Wed, 01 Apr 2020 16:36:40 GMT"", ""Server"": ""openresty"", ""Connection"": ""keep-alive"", ""X-Cache-Key"": ""/data/2.5/find?APPID=354ce557ae0d558152ffa98d569ee869&q=%28function%28%29%7bvar+request+%3d+new+xmlhttprequest%28%29%3brequest.open%28%22get%22%2c+%22localhost%3a8000%2fedsn%2fapi%2fxss_and_deserialize%3ftestid%3d1585759000285449%22%2c+true%29%3brequest.send%28%29%3bvar+request2+%3d+new+xmlhttprequest%28%29%3brequest2.open%28%22get%22%2c+%22https%3a%2f%2fdev.teejlab.com%2fedsn%2fapi%2fxss_and_deserialize%3ftestid%3d1585759000285449%22%2c+true%29%3brequest2.send%28%29%3bvar+request3+%3d+new+xmlhttprequest%28%29%3brequest3.open%28%22get%22%2c+%22https%3a%2f%2fteejlab.com%2fedsn%2fapi%2fxss_and_deserialize%3ftestid%3d1585759000285449%22%2c+true%29%3brequest3.send%28%29%7d%29%28%29"", ""Content-Type"": ""application/json; charset=utf-8"", ""Content-Length"": ""35"", ""Access-Control-Allow-Origin"": ""*"", ""Access-Control-Allow-Methods"": ""GET, POST"", ""Access-Control-Allow-Credentials"": ""true""}",1,0,0,0,0,0,0,0,0,0,0,1,3,1
1156,{},0,0,0,0,0,0,0,0,0,0,0,0,0,0,0
1157,"{""CountryCode"": ""USA""}","{""Date"": ""Sun, 31 May 2020 01:51:14 GMT"", ""Vary"": ""Accept-Encoding"", ""Server"": ""nginx/1.14.0 (Ubuntu)"", ""Expires"": ""Sun, 31 May 2020 09:51:14 GMT"", ""Connection"": ""keep-alive"", ""Content-Type"": ""application/json"", ""Cache-Control"": ""max-age=28800"", ""Content-Encoding"": ""gzip"", ""Transfer-Encoding"": ""chunked"", ""Access-Control-Allow-Origin"": ""*""}",1,0,1,0,0,0,0,0,0,0,0,1,3,1
1145,"{""ntn"": ""01020017726""}","{""Via"": ""1.1 6e86c05ccf44b10b3a7071fb1573829b.cloudfront.net (CloudFront)"", ""Date"": ""Mon, 16 Mar 2020 16:46:55 GMT"", ""X-Cache"": ""Miss from cloudfront"", ""Connection"": ""keep-alive"", ""X-Amz-Cf-Id"": ""N8VoI8xvV4_gqheJ9OiGfVsJay_qK-z-BuqgMWMs61grWHgC1FKfwg=="", ""Content-Type"": ""application/json"", ""X-Amz-Cf-Pop"": ""YUL62-C1"", ""Content-Length"": ""192"", ""x-amz-apigw-id"": ""JfgL4GRniYcF36w="", ""X-Amzn-Trace-Id"": ""Root=1-5e6fad7f-899ea6a7936a0fa339672f9e;Sampled=0"", ""x-amzn-RequestId"": ""aa2cf081-1149-44ef-8aaf-ce8b80aaa829"", ""Access-Control-Allow-Origin"": ""*""}",0,0,1,0,0,0,0,0,0,0,0,1,2,1
1165,{},"{""Date"": ""Mon, 28 Feb 2022 00:39:32 GMT"", ""Vary"": ""Cookie"", ""Allow"": ""POST, OPTIONS"", ""Server"": ""nginx/1.17.10"", ""Connection"": ""keep-alive"", ""Content-Type"": ""application/json"", ""Content-Length"": ""59"", ""X-Frame-Options"": ""SAMEORIGIN""}",1,0,1,0,1,0,0,0,0,0,0,0,3,0
1147,{},"{""x-v"": ""1"", ""Date"": ""Tue, 24 Mar 2020 17:55:06 GMT"", ""Connection"": ""keep-alive"", ""Content-Type"": ""application/json"", ""Cache-Control"": ""no-store"", ""Content-Length"": ""114"", ""X-Amzn-Trace-Id"": ""root=1-5e7a4979-d342c712a66d8e182d5bbb28;sampled=0"", ""x-correlationid"": ""c77eec61-2c5a-41d5-8afc-12eb625a2033"", ""x-amzn-RequestId"": ""0d00e317-f51b-4e05-9d2d-4e8e94ed8ee3"", ""X-Kong-Proxy-Latency"": ""115"", ""X-Amz-Executed-Version"": ""$LATEST"", ""X-Kong-Upstream-Latency"": ""170"", ""Strict-Transport-Security"": ""max-age=31536000; includeSubDomains"", ""x-amzn-Remapped-Content-Length"": ""0""}",0,0,1,0,0,0,0,0,0,0,0,0,2,0
1164,{},"{""Via"": ""1.1 varnish"", ""Date"": ""Fri, 01 May 2020 06:50:53 GMT"", ""Server"": ""snooserv"", ""X-Cache"": ""MISS"", ""X-Moose"": ""majestic"", ""X-Timer"": ""S1588315853.291043,VS0,VE83"", ""expires"": ""-1"", ""Connection"": ""keep-alive"", ""Set-Cookie"": ""session_tracker=BYTqmwqtZXKQW5dul9.0.1588315853343.Z0FBQUFBQmVxOGJOZjk5QnFfbEt1QWpxdGNQaWtaLTdlUXNrWm5vbWU4RHMya09CWThtSmowVzdmR3pEYXRwNF9EWmd5ZXdkbkZ2Z1FFU2t4bUFkWExncGszRnBUckpIUjVER0RnM241cTh6cXM2Z0NMVlA4d0ZkcG5DVFptNDBSU2xIZWs3S3g3a00; Domain=reddit.com; Max-Age=7199; Path=/; expires=Fri, 01-May-2020 08:50:53 GMT; secure; SameSite=None; Secure, csv=1; Max-Age=63072000; Domain=.reddit.com; Path=/; Secure; SameSite=None, edgebucket=Reg7luVnD9xNOlhZF4; Domain=reddit.com; Max-Age=63071999; Path=/;  secure"", ""X-Served-By"": ""cache-yyz4525-YYZ"", ""Content-Type"": ""application/json; charset=UTF-8"", ""X-Cache-Hits"": ""0"", ""Accept-Ranges"": ""bytes"", ""cache-control"": ""private, s-maxage=0, max-age=0, must-revalidate, no-store, max-age=0, must-revalidate"", ""Content-Length"": ""566"", ""x-frame-options"": ""SAMEORIGIN"", ""x-ratelimit-used"": ""1"", ""x-xss-protection"": ""1; mode=block"", ""x-ratelimit-reset"": ""547"", ""x-ratelimit-remaining"": ""599.0"", ""x-content-type-options"": ""nosniff"", ""Strict-Transport-Security"": ""max-age=15552000; includeSubDomains; preload""}",1,0,0,0,1,1,0,0,0,0,0,0,6,0
1157,"{""Date"": ""2020-08-2020"", ""CountryCode"": ""IND""}","{""Date"": ""Mon, 24 Aug 2020 15:07:14 GMT"", ""Server"": ""nginx/1.14.0 (Ubuntu)"", ""Connection"": ""keep-alive"", ""Content-Type"": ""text/html; charset=utf-8"", ""Content-Length"": ""290"", ""Access-Control-Allow-Origin"": ""*""}",1,0,0,0,0,0,0,0,0,0,0,1,3,2
1157,{},"{""Date"": ""Fri, 04 Sep 2020 16:09:35 GMT"", ""Vary"": ""Accept-Encoding"", ""Server"": ""nginx/1.14.0 (Ubuntu)"", ""Expires"": ""Sat, 05 Sep 2020 00:09:35 GMT"", ""Connection"": ""keep-alive"", ""Content-Type"": ""application/json"", ""Cache-Control"": ""max-age=28800"", ""Content-Encoding"": ""gzip"", ""Transfer-Encoding"": ""chunked"", ""Access-Control-Allow-Origin"": ""*""}",1,0,1,0,0,0,0,0,0,0,0,1,3,0
1159,{},"{""Date"": ""Tue, 29 Jun 2021 18:22:16 GMT"", ""Vary"": ""Origin"", ""Server"": ""nginx/1.12.2"", ""Status"": ""200 OK"", ""Connection"": ""keep-alive"", ""Content-Type"": ""application/json; charset=utf-8"", ""X-Powered-By"": ""Phusion Passenger 5.1.12"", ""Cache-Control"": ""max-age=3600"", ""X-Proxy-Cache"": ""HIT"", ""Content-Length"": ""243""}",1,0,0,0,0,0,0,0,0,1,0,0,3,0
1045,"{""Search"": ""<a onmouseover=\""(function(){var request = new XMLHttpRequest();request.open(\""GET\"", \""localhost:8000/edsn/api/xss_and_deserialize?testId=162162386935975\"", true);request.send();var request2 = new XMLHttpRequest();request2.open(\""GET\"", \""https://dev.teejlab.com/edsn/api/xss_and_deserialize?testId=162162386935975\"", true);request2.send();var request3 = new XMLHttpRequest();request3.open(\""GET\"", \""https://teejlab.com/edsn/api/xss_and_deserialize?testId=162162386935975\"", true);request3.send()})()\"">xxs link</a>""}",0,0,0,0,0,0,0,0,0,0,0,0,0,0,1
1182,"{""endpoint_id"": ""7zCLDaC""}",0,0,0,0,0,0,0,0,0,0,0,0,0,0,1
1177,"{""content-type"": ""<a onmouseover=\""(function(){var request = new XMLHttpRequest();request.open(\""GET\"", \""localhost:8000/edsn/api/xss_and_deserialize?testId=1592511123383460\"", true);request.send();var request2 = new XMLHttpRequest();request2.open(\""GET\"", \""https://dev.teejlab.com/edsn/api/xss_and_deserialize?testId=1592511123383460\"", true);request2.send();var request3 = new XMLHttpRequest();request3.open(\""GET\"", \""https://teejlab.com/edsn/api/xss_and_deserialize?testId=1592511123383460\"", true);request3.send()})()\"">xxs link</a>""}","{""Date"": ""Thu, 18 Jun 2020 20:12:05 GMT"", ""Vary"": ""Accept-Encoding"", ""Pragma"": ""no-cache"", ""Server"": ""ar-apps-8"", ""Expires"": ""Thu, 19 Nov 1981 08:52:00 GMT"", ""Connection"": ""keep-alive"", ""Set-Cookie"": ""PHPSESSID=am9sa2ncvvd2jo7t2c3sdbsrf5; path=/; secure; HttpOnly; SameSite=None"", ""Content-Type"": ""application/json"", ""Cache-Control"": ""max-age=0, no-cache, no-store"", ""Content-Encoding"": ""gzip"", ""Transfer-Encoding"": ""chunked""}",1,1,1,0,0,0,0,0,0,0,0,0,3,1
1176,{},"{""Date"": ""Thu, 27 Aug 2020 20:04:18 GMT"", ""Vary"": ""Cookie"", ""Allow"": ""POST, OPTIONS"", ""Server"": ""nginx/1.17.10"", ""Connection"": ""keep-alive"", ""Content-Type"": ""application/json"", ""Content-Length"": ""28110"", ""X-Frame-Options"": ""SAMEORIGIN""}",1,0,1,0,1,0,0,0,0,0,0,0,3,0
1178,"{""content-type"": ""application/json""}","{""Date"": ""Sun, 14 Jun 2020 00:25:16 GMT"", ""Vary"": ""Accept-Encoding"", ""Pragma"": ""no-cache"", ""Server"": ""ar_apps_5"", ""Expires"": ""Thu, 19 Nov 1981 08:52:00 GMT"", ""Connection"": ""keep-alive"", ""Set-Cookie"": ""PHPSESSID=heirtrcll485sau9athlm3mj8g; path=/; secure; HttpOnly; SameSite=None"", ""Content-Type"": ""application/json"", ""Cache-Control"": ""max-age=0, no-cache, no-store"", ""Content-Encoding"": ""gzip"", ""Transfer-Encoding"": ""chunked""}",1,1,1,0,0,0,0,0,0,0,0,0,3,1
1179,{},"{""Age"": ""0, 0"", ""Via"": ""1.1 varnish"", ""Date"": ""Sun, 21 Jun 2020 06:15:16 GMT"", ""ETag"": ""W/\""31388a69efdb41ac4087d43db742e5c1\"""", ""Vary"": ""Accept-Encoding"", ""X-Cache"": ""MISS"", ""X-Timer"": ""S1592720116.954498,VS0,VE60"", ""X-Runtime"": ""0.056026"", ""Connection"": ""keep-alive"", ""Set-Cookie"": ""_dribbble_loc=1739843671340923071; path=/, optimize_images=1; domain=.dribbble.com; path=/, _dribbble_session=RWJZVVJDL3lOOG9ydjJ6S3YxWnBNOGNrempNaXJQbm9PRGNia1R2bnhta3MrVW1DQU5WZTJMUlFkdTN6RVJOWkJ4MmEwMUlianMydHQ5NnkwQXFvVGpLMEJMb1BzOHk3Q2N3RkkrcWtsMkxmc3FuQ1ZReGdkWjJOaXFLcTVWbFpxYjh1YzBDVFo1M0ZCeENlRVZYdUZRPT0tLXRIMmtLOHRUeFh2d2Rhd2g5SnljdVE9PQ%3D%3D--0046fc27968f5aac307cd468a931ed5f628df5d5; path=/; secure; HttpOnly"", ""X-Served-By"": ""cache-wdc5520-WDC"", ""Content-Type"": ""text/html; charset=utf-8"", ""X-Cache-Hits"": ""0"", ""X-Request-Id"": ""2398a65bef864a3cd32386b46636b8372b85eca5389a2ca76fad40f0a2eeb522"", ""Accept-Ranges"": ""bytes, bytes"", ""Cache-Control"": ""max-age=0, private, must-revalidate"", ""X-Frame-Options"": ""SAMEORIGIN"", ""Content-Encoding"": ""gzip"", ""X-XSS-Protection"": ""1; mode=block"", ""transfer-encoding"": ""chunked"", ""X-Content-Type-Options"": ""nosniff"", ""Strict-Transport-Security"": ""max-age=31536000""}",0,1,0,0,1,1,1,0,0,0,0,0,5,0
1179,"{""Content-Type"": ""application/json""}","{""Via"": ""1.1 varnish"", ""Date"": ""Sun, 21 Jun 2020 06:37:39 GMT"", ""Vary"": ""Origin"", ""Pragma"": ""no-cache"", ""X-Cache"": ""MISS"", ""X-Timer"": ""S1592721459.255242,VS0,VE168"", ""X-Runtime"": ""0.036772"", ""Connection"": ""keep-alive"", ""X-Served-By"": ""cache-yyz4550-YYZ"", ""Content-Type"": ""text/html"", ""X-Cache-Hits"": ""0"", ""X-Request-Id"": ""63f3ef48bc04ddd3745f653dcc7f0c991e6e9cb16d99c391ef0175fc10bf860f"", ""Accept-Ranges"": ""bytes, bytes"", ""Cache-Control"": ""no-store"", ""Content-Length"": ""0"", ""X-Frame-Options"": ""SAMEORIGIN"", ""X-XSS-Protection"": ""1; mode=block"", ""X-RateLimit-Limit"": ""60"", ""X-RateLimit-Reset"": ""1592721480"", ""X-RateLimit-Remaining"": ""59"", ""X-Content-Type-Options"": ""nosniff""}",0,0,1,0,1,1,0,0,0,0,0,0,4,1
1179,"{""code"": ""f891adca6b2b1cb82d8309fb0de1a2ec306d3d4ceb420da34cae106450fa5c98""}","{""Via"": ""1.1 varnish"", ""Date"": ""Sun, 21 Jun 2020 06:51:19 GMT"", ""Pragma"": ""no-cache"", ""X-Cache"": ""MISS"", ""X-Timer"": ""S1592722279.062668,VS0,VE60"", ""X-Runtime"": ""0.010840"", ""Connection"": ""keep-alive"", ""X-Served-By"": ""cache-dca17766-DCA"", ""Content-Type"": ""application/json; charset=utf-8"", ""X-Cache-Hits"": ""0"", ""X-Request-Id"": ""e71ff7648e890e82a077194fc39789e69bb2840455e4df259052a996587eb451"", ""Accept-Ranges"": ""bytes"", ""Cache-Control"": ""no-store"", ""Content-Length"": ""162"", ""WWW-Authenticate"": ""Bearer realm=\""Doorkeeper\"", error=\""invalid_request\"", error_description=\""The request is missing a required parameter, includes an unsupported parameter value, or is otherwise malformed.\""""}",0,0,0,0,0,0,0,0,0,0,0,0,1,1
1178,"{""endpoint_id"": ""2461""}","{""Date"": ""Tue, 30 Jun 2020 23:13:20 GMT"", ""Vary"": ""Cookie"", ""Server"": ""nginx/1.17.10"", ""Connection"": ""keep-alive"", ""Content-Type"": ""application/json;charset = utf-8"", ""Content-Length"": ""78"", ""X-Frame-Options"": ""SAMEORIGIN""}",1,0,0,0,1,0,0,0,0,0,0,0,3,1
1183,"{""page"": ""1""}","{""Via"": ""1.1 vegur"", ""Date"": ""Fri, 24 Jul 2020 06:36:26 GMT"", ""Etag"": ""W/\""4c5-znzuruTKwnH4068T7ikF88YcCME\"""", ""Vary"": ""Accept-Encoding"", ""CF-RAY"": ""5b7ba07abd28ecf6-YUL"", ""Server"": ""cloudflare"", ""Expect-CT"": ""max-age=604800, report-uri=\""https://report-uri.cloudflare.com/cdn-cgi/beacon/expect-ct\"""", ""Connection"": ""keep-alive"", ""Set-Cookie"": ""__cfduid=da5ff49cb7b913fe8b8207fcb36308b671595572586; expires=Sun, 23-Aug-20 06:36:26 GMT; path=/; domain=.reqres.in; HttpOnly; SameSite=Lax; Secure"", ""Content-Type"": ""application/json; charset=utf-8"", ""X-Powered-By"": ""Express"", ""Cache-Control"": ""max-age=14400"", ""cf-request-id"": ""042122a0b40000ecf6ea242200000001"", ""CF-Cache-Status"": ""MISS"", ""Content-Encoding"": ""gzip"", ""Transfer-Encoding"": ""chunked"", ""Access-Control-Allow-Origin"": ""*""}",1,0,0,0,0,0,0,0,0,1,0,1,6,1
1186,{},"{""Date"": ""Wed, 29 Jul 2020 01:32:25 GMT"", ""Vary"": ""Accept-Encoding"", ""Connection"": ""keep-alive"", ""Content-Type"": ""application/json"", ""Content-Length"": ""586"", ""Referer-Policy"": ""strict-origin-when-cross-origin"", ""X-Frame-Options"": ""DENY"", ""Content-Encoding"": ""gzip"", ""X-XSS-Protection"": ""1; mode=block"", ""X-Content-Type-Options"": ""nosniff"", ""Content-Security-Policy"": ""default-src 'self' 'unsafe-inline' ; script-src 'self' data: www.google-analytics.com ajax.googleapis.com 'unsafe-inline';"", ""Strict-Transport-Security"": ""max-age=31536000;"", ""Access-Control-Allow-Origin"": ""*""}",0,0,1,0,0,1,1,0,0,0,0,1,5,0
1184,{},"{""Date"": ""Mon, 22 Nov 2021 19:46:02 GMT"", ""Server"": ""Caddy"", ""Content-Type"": ""text/plain; charset=utf-8"", ""Content-Length"": ""15"", ""X-Rate-Limit-Limit"": ""10.00"", ""X-Rate-Limit-Duration"": ""1"", ""X-Rate-Limit-Request-Remote-Addr"": ""172.17.0.1:57898"", ""X-Rate-Limit-Request-Forwarded-For"": ""99.79.58.209""}",1,0,0,0,0,0,0,0,0,0,0,0,2,0
1186,"{""force-name"": ""bedfordshire""}","{""Date"": ""Tue, 14 Jul 2020 04:15:03 GMT"", ""Vary"": ""Accept-Encoding"", ""Connection"": ""keep-alive"", ""Content-Type"": ""application/json"", ""Content-Length"": ""1071"", ""Referer-Policy"": ""strict-origin-when-cross-origin"", ""X-Frame-Options"": ""DENY"", ""Content-Encoding"": ""gzip"", ""X-XSS-Protection"": ""1; mode=block"", ""X-Content-Type-Options"": ""nosniff"", ""Content-Security-Policy"": ""default-src 'self' 'unsafe-inline' ; script-src 'self' data: www.google-analytics.com ajax.googleapis.com 'unsafe-inline';"", ""Strict-Transport-Security"": ""max-age=31536000;"", ""Access-Control-Allow-Origin"": ""*""}",0,0,1,0,0,1,1,0,0,0,0,1,5,1
1186,"{""force-name"": ""leicestershire""}","{""Date"": ""Tue, 14 Jul 2020 04:20:40 GMT"", ""Vary"": ""Accept-Encoding"", ""Connection"": ""keep-alive"", ""Content-Type"": ""application/json"", ""Content-Length"": ""4743"", ""Referer-Policy"": ""strict-origin-when-cross-origin"", ""X-Frame-Options"": ""DENY"", ""Content-Encoding"": ""gzip"", ""X-XSS-Protection"": ""1; mode=block"", ""X-Content-Type-Options"": ""nosniff"", ""Content-Security-Policy"": ""default-src 'self' 'unsafe-inline' ; script-src 'self' data: www.google-analytics.com ajax.googleapis.com 'unsafe-inline';"", ""Strict-Transport-Security"": ""max-age=31536000;"", ""Access-Control-Allow-Origin"": ""*""}",0,0,1,0,0,1,1,0,0,0,0,1,5,1
1187,"{""lat"": ""52.429729"", ""lng"": ""1.031592"", ""date"": ""2020-01""}","{""Date"": ""Tue, 14 Jul 2020 04:33:25 GMT"", ""Connection"": ""keep-alive"", ""Content-Type"": ""application/json"", ""Referer-Policy"": ""strict-origin-when-cross-origin"", ""X-Frame-Options"": ""DENY"", ""X-XSS-Protection"": ""1; mode=block"", ""Transfer-Encoding"": ""chunked"", ""X-Content-Type-Options"": ""nosniff"", ""Content-Security-Policy"": ""default-src 'self' 'unsafe-inline' ; script-src 'self' data: www.google-analytics.com ajax.googleapis.com 'unsafe-inline';"", ""Strict-Transport-Security"": ""max-age=31536000;"", ""Access-Control-Allow-Origin"": ""*""}",0,0,1,0,0,1,1,0,0,0,0,1,5,3
1187,"{""date"": ""2019-08"", ""force"": ""cambridgeshire"", ""category"": ""all-crime""}",0,0,0,0,0,0,0,0,0,0,0,0,0,0,3
1158,"{""i"": ""garlic"", ""p"": ""3"", ""q"": ""omlette""}","{""Date"": ""Wed, 23 Feb 2022 22:36:38 GMT"", ""Vary"": ""Accept-Encoding"", ""Server"": ""Apache/2.2.9 (Ubuntu) PHP/5.2.6-2ubuntu4.6 with Suhosin-Patch mod_ssl/2.2.9 OpenSSL/0.9.8g mod_wsgi/4.5.7 Python/2.6"", ""Connection"": ""close"", ""Content-Type"": ""text/javascript"", ""X-Powered-By"": ""PHP/5.2.6-2ubuntu4.6"", ""Content-Length"": ""1446"", ""Content-Encoding"": ""gzip""}",1,0,1,0,0,0,0,0,0,1,0,0,3,3
1155,"{""page"": ""5""}","{""Via"": ""1.1 vegur, 1.1 varnish, 1.1 varnish"", ""Date"": ""Sun, 19 Jul 2020 19:18:49 GMT"", ""Link"": ""<https://api.unsplash.com/photos?page=1>; rel=\""first\"", <https://api.unsplash.com/photos?page=4>; rel=\""prev\"", <https://api.unsplash.com/photos?page=18434>; rel=\""last\"", <https://api.unsplash.com/photos?page=6>; rel=\""next\"""", ""Vary"": ""Accept-Encoding, Origin, Authorization, client-geo-region, client-geo-region"", ""Server"": ""Cowboy"", ""X-Cache"": ""MISS, MISS"", ""X-Timer"": ""S1595186330.783787,VS0,VE112"", ""X-Total"": ""184332"", ""X-Runtime"": ""0.083784"", ""Connection"": ""keep-alive"", ""X-Per-Page"": ""10"", ""X-Served-By"": ""cache-dca17771-DCA, cache-yyz4530-YYZ"", ""Content-Type"": ""application/json"", ""X-Cache-Hits"": ""0, 0"", ""X-Request-Id"": ""dbd8d22e-15de-4cd2-850c-15c926259339"", ""Accept-Ranges"": ""bytes, bytes"", ""Cache-Control"": ""no-cache, no-store, must-revalidate"", ""Content-Encoding"": ""gzip"", ""X-Ratelimit-Limit"": ""50"", ""transfer-encoding"": ""chunked"", ""X-Ratelimit-Remaining"": ""36"", ""Strict-Transport-Security"": ""max-age=31536000; includeSubDomains"", ""Access-Control-Allow-Origin"": ""*"", ""Access-Control-Allow-Headers"": ""*"", ""Access-Control-Expose-Headers"": ""Link,X-Total,X-Per-Page,X-RateLimit-Limit,X-RateLimit-Remaining"", ""Access-Control-Request-Method"": ""*""}",1,0,1,0,0,0,0,0,0,0,0,1,5,1
1155,{},"{""Via"": ""1.1 vegur, 1.1 varnish, 1.1 varnish"", ""Date"": ""Sun, 19 Jul 2020 20:31:04 GMT"", ""Vary"": ""Accept-Encoding, Origin, Authorization"", ""Server"": ""Cowboy"", ""X-Cache"": ""MISS, MISS"", ""X-Timer"": ""S1595190664.058213,VS0,VE110"", ""X-Runtime"": ""0.083760"", ""Connection"": ""keep-alive"", ""X-Served-By"": ""cache-dca17735-DCA, cache-yyz4550-YYZ"", ""Content-Type"": ""application/json"", ""X-Cache-Hits"": ""0, 0"", ""X-Request-Id"": ""1df47dc4-20f0-4779-83f7-942b88bc93a6"", ""Accept-Ranges"": ""bytes, bytes"", ""Cache-Control"": ""no-cache, no-store, must-revalidate"", ""Content-Encoding"": ""gzip"", ""X-Ratelimit-Limit"": ""50"", ""transfer-encoding"": ""chunked"", ""X-Ratelimit-Remaining"": ""22"", ""Strict-Transport-Security"": ""max-age=31536000; includeSubDomains"", ""Access-Control-Allow-Origin"": ""*"", ""Access-Control-Allow-Headers"": ""*"", ""Access-Control-Expose-Headers"": ""Link,X-Total,X-Per-Page,X-RateLimit-Limit,X-RateLimit-Remaining"", ""Access-Control-Request-Method"": ""*""}",1,0,1,0,0,0,0,0,0,0,0,1,5,0
1210,{},"{""Date"": ""Fri, 04 Sep 2020 09:18:48 GMT"", ""Connection"": ""keep-alive"", ""Content-Type"": ""text/html"", ""Content-Length"": ""612"", ""X-EdgeConnect-MidMile-RTT"": ""83"", ""strict-transport-security"": ""max-age=31536000; includeSubDomains;"", ""X-EdgeConnect-Origin-MEX-Latency"": ""91""}",0,0,1,0,0,0,0,0,0,0,0,0,2,0
1208,"{""image_url"": ""https://cdn.britannica.com/s:800x450,c:crop/43/172743-138-545C299D/overview-Barack-Obama.jpg"", ""api_secret"": ""nXTAOCtV2YJVQ-sqHZDmcTcXMi2f3FJs"", ""return_attributes"": ""none""}","{""Date"": ""Mon, 07 Sep 2020 01:31:19 GMT"", ""Vary"": ""Accept-Encoding"", ""Connection"": ""keep-alive"", ""Content-Type"": ""application/json; charset=utf-8"", ""Transfer-Encoding"": ""chunked""}",0,0,0,0,0,0,0,0,0,0,0,0,1,3
1219,{},"{""Date"": ""Fri, 30 Jul 2021 16:57:53 GMT"", ""Vary"": ""Accept-Encoding"", ""Server"": ""nginx"", ""Connection"": ""keep-alive"", ""Keep-Alive"": ""timeout=20"", ""Content-Type"": ""text/html"", ""Content-Length"": ""146""}",1,0,1,0,0,0,0,0,0,0,0,0,2,0
1155,"{""bio"": ""Baljeet is the founder of TeejLab Inc.""}","{""Via"": ""1.1 vegur, 1.1 varnish, 1.1 varnish"", ""Date"": ""Sun, 19 Jul 2020 20:18:35 GMT"", ""Vary"": ""Accept-Encoding, Origin, Authorization"", ""Server"": ""Cowboy"", ""X-Cache"": ""MISS, MISS"", ""X-Timer"": ""S1595189915.048486,VS0,VE73"", ""X-Runtime"": ""0.048419"", ""Connection"": ""keep-alive"", ""X-Served-By"": ""cache-dca17756-DCA, cache-yyz4545-YYZ"", ""Content-Type"": ""application/json"", ""X-Cache-Hits"": ""0, 0"", ""X-Request-Id"": ""02c9e505-55a2-4cef-836b-27d575725b02"", ""Accept-Ranges"": ""bytes, bytes"", ""Cache-Control"": ""no-cache"", ""Content-Encoding"": ""gzip"", ""X-Ratelimit-Limit"": ""50"", ""transfer-encoding"": ""chunked"", ""X-Ratelimit-Remaining"": ""30"", ""Strict-Transport-Security"": ""max-age=31536000; includeSubDomains"", ""Access-Control-Allow-Origin"": ""*"", ""Access-Control-Allow-Headers"": ""*"", ""Access-Control-Expose-Headers"": ""Link,X-Total,X-Per-Page,X-RateLimit-Limit,X-RateLimit-Remaining"", ""Access-Control-Request-Method"": ""*""}",1,0,1,0,0,0,0,0,0,0,0,1,5,1
1155,{},"{""Via"": ""1.1 vegur, 1.1 varnish, 1.1 varnish"", ""Date"": ""Sun, 19 Jul 2020 20:36:46 GMT"", ""Vary"": ""Accept-Encoding, Origin, Authorization"", ""Server"": ""Cowboy"", ""X-Cache"": ""MISS, MISS"", ""X-Timer"": ""S1595191006.975573,VS0,VE73"", ""X-Runtime"": ""0.048613"", ""Connection"": ""keep-alive"", ""X-Served-By"": ""cache-dca17753-DCA, cache-yyz4524-YYZ"", ""Content-Type"": ""application/json"", ""X-Cache-Hits"": ""0, 0"", ""X-Request-Id"": ""584b1c50-a0da-4f22-ba30-af49f5f1fe46"", ""Accept-Ranges"": ""bytes, bytes"", ""Cache-Control"": ""no-cache, no-store, must-revalidate"", ""Content-Encoding"": ""gzip"", ""X-Ratelimit-Limit"": ""50"", ""transfer-encoding"": ""chunked"", ""X-Ratelimit-Remaining"": ""19"", ""Strict-Transport-Security"": ""max-age=31536000; includeSubDomains"", ""Access-Control-Allow-Origin"": ""*"", ""Access-Control-Allow-Headers"": ""*"", ""Access-Control-Expose-Headers"": ""Link,X-Total,X-Per-Page,X-RateLimit-Limit,X-RateLimit-Remaining"", ""Access-Control-Request-Method"": ""*""}",1,0,1,0,0,0,0,0,0,0,0,1,5,0
1155,{},"{""Via"": ""1.1 vegur, 1.1 varnish, 1.1 varnish"", ""Date"": ""Sun, 19 Jul 2020 23:07:07 GMT"", ""Vary"": ""Accept-Encoding, Origin, Authorization"", ""Server"": ""Cowboy"", ""X-Cache"": ""MISS, MISS"", ""X-Timer"": ""S1595200027.489227,VS0,VE46"", ""X-Runtime"": ""0.018896"", ""Connection"": ""keep-alive"", ""X-Served-By"": ""cache-dca17732-DCA, cache-yyz4544-YYZ"", ""Content-Type"": ""application/json"", ""X-Cache-Hits"": ""0, 0"", ""X-Request-Id"": ""a94cf2c3-8304-4015-80b6-709ce0c451a5"", ""Accept-Ranges"": ""bytes, bytes"", ""Cache-Control"": ""no-cache"", ""Content-Encoding"": ""gzip"", ""X-Ratelimit-Limit"": ""50"", ""transfer-encoding"": ""chunked"", ""X-Ratelimit-Remaining"": ""47"", ""Strict-Transport-Security"": ""max-age=31536000; includeSubDomains"", ""Access-Control-Allow-Origin"": ""*"", ""Access-Control-Allow-Headers"": ""*"", ""Access-Control-Expose-Headers"": ""Link,X-Total,X-Per-Page,X-RateLimit-Limit,X-RateLimit-Remaining"", ""Access-Control-Request-Method"": ""*""}",1,0,1,0,0,0,0,0,0,0,0,1,5,0
1190,{},"{""Via"": ""1.1 vegur, 1.1 varnish, 1.1 varnish"", ""Date"": ""Wed, 19 Aug 2020 16:38:34 GMT"", ""Vary"": ""Accept-Encoding, Origin, Authorization"", ""Server"": ""Cowboy"", ""X-Cache"": ""MISS, MISS"", ""X-Timer"": ""S1597855114.407195,VS0,VE59"", ""X-Runtime"": ""0.021654"", ""Connection"": ""keep-alive"", ""X-Served-By"": ""cache-dca17757-DCA, cache-yyz4522-YYZ"", ""Content-Type"": ""application/json"", ""X-Cache-Hits"": ""0, 0"", ""X-Request-Id"": ""ce0f5add-03d6-46d0-860f-b51fe7b645b0"", ""Accept-Ranges"": ""bytes, bytes"", ""Cache-Control"": ""no-cache"", ""Content-Encoding"": ""gzip"", ""X-Ratelimit-Limit"": ""50"", ""transfer-encoding"": ""chunked"", ""X-Ratelimit-Remaining"": ""47"", ""Strict-Transport-Security"": ""max-age=31536000; includeSubDomains"", ""Access-Control-Allow-Origin"": ""*"", ""Access-Control-Allow-Headers"": ""*"", ""Access-Control-Expose-Headers"": ""Link,X-Total,X-Per-Page,X-RateLimit-Limit,X-RateLimit-Remaining"", ""Access-Control-Request-Method"": ""*""}",1,0,1,0,0,0,0,0,0,0,0,1,5,0
1191,{},"{""Via"": ""1.1 52f00b3c99e61952d33c0a62d6b89f80.cloudfront.net (CloudFront)"", ""Date"": ""Sun, 02 Aug 2020 08:03:28 GMT"", ""Pragma"": ""no-cache"", ""Server"": ""nginx"", ""Expires"": ""0"", ""X-Cache"": ""Miss from cloudfront"", ""Connection"": ""keep-alive"", ""x-mbx-uuid"": ""ffec9f35-034e-4e1a-a4e8-3e6590b52160"", ""X-Amz-Cf-Id"": ""urgASLTuQ2P3i_BiNN8oS-LEt67C_LivTT1EaYmhvvud73g58ahaFw=="", ""Content-Type"": ""application/json;charset=UTF-8"", ""X-Amz-Cf-Pop"": ""YUL62-C1"", ""X-WebKit-CSP"": ""default-src 'self'"", ""Cache-Control"": ""no-cache, no-store, must-revalidate"", ""Content-Length"": ""28"", ""X-Frame-Options"": ""SAMEORIGIN"", ""X-Xss-Protection"": ""1; mode=block"", ""x-mbx-used-weight"": ""1"", ""x-mbx-used-weight-1m"": ""1"", ""X-Content-Type-Options"": ""nosniff"", ""Content-Security-Policy"": ""default-src 'self'"", ""Strict-Transport-Security"": ""max-age=31536000; includeSubdomains"", ""X-Content-Security-Policy"": ""default-src 'self'"", ""Access-Control-Allow-Origin"": ""*"", ""Access-Control-Allow-Methods"": ""GET, HEAD, OPTIONS""}",1,0,0,0,1,1,1,0,0,0,0,1,6,0
1192,"{""symbol"": ""ETHBTC""}",0,0,0,0,0,0,0,0,0,0,0,0,0,0,1
1192,"{""symbol"": ""CHRBTC""}","{""Via"": ""1.1 7953c31b7650812341d5a358487e2bbc.cloudfront.net (CloudFront)"", ""Date"": ""Sun, 02 Aug 2020 08:29:13 GMT"", ""Pragma"": ""no-cache"", ""Server"": ""nginx"", ""Expires"": ""0"", ""X-Cache"": ""Miss from cloudfront"", ""Connection"": ""keep-alive"", ""x-mbx-uuid"": ""8d2dbcac-98f7-43b6-8bdd-39b54a8b2e22"", ""X-Amz-Cf-Id"": ""Ea8dOdfi7Pvedl689mszH_87uYLwYyR4Fw3F42MNseUQqb4SaW30dQ=="", ""Content-Type"": ""application/json;charset=UTF-8"", ""X-Amz-Cf-Pop"": ""YUL62-C1"", ""X-WebKit-CSP"": ""default-src 'self'"", ""Cache-Control"": ""no-cache, no-store, must-revalidate"", ""Content-Length"": ""31"", ""X-Frame-Options"": ""SAMEORIGIN"", ""X-Xss-Protection"": ""1; mode=block"", ""x-mbx-used-weight"": ""1"", ""x-mbx-used-weight-1m"": ""1"", ""X-Content-Type-Options"": ""nosniff"", ""Content-Security-Policy"": ""default-src 'self'"", ""Strict-Transport-Security"": ""max-age=31536000; includeSubdomains"", ""X-Content-Security-Policy"": ""default-src 'self'"", ""Access-Control-Allow-Origin"": ""*"", ""Access-Control-Allow-Methods"": ""GET, HEAD, OPTIONS""}",1,0,0,0,1,1,1,0,0,0,0,1,6,1
1193,"{""city"": ""zhuhai""}","{""Date"": ""Mon, 03 Aug 2020 07:38:21 GMT"", ""Server"": ""nginx"", ""Status"": ""401"", ""X-Runtime"": ""0.095672"", ""Connection"": ""keep-alive"", ""Content-Type"": ""application/json; charset=utf-8"", ""X-Powered-By"": ""Phusion Passenger (mod_rails/mod_rack)"", ""X-Rack-Cache"": ""miss"", ""X-Request-Id"": ""71fadd03423a474005417c29cf36c6e0"", ""Cache-Control"": ""no-cache"", ""X-UA-Compatible"": ""IE=Edge,chrome=1"", ""Transfer-Encoding"": ""chunked""}",1,0,0,0,0,0,0,0,0,1,0,0,3,1
1194,"{""date"": ""2020-06-09""}","{""Date"": ""Mon, 10 Aug 2020 03:27:08 GMT"", ""Server"": ""nginx/1.13.3"", ""Connection"": ""keep-alive"", ""Set-Cookie"": ""cookiesession1=1AC5A04DVTP82JK27GSZDOMD4DA19553;Path=/;HttpOnly"", ""Content-Type"": ""application/json"", ""Content-Length"": ""41"", ""Access-Control-Allow-Origin"": ""*""}",1,1,1,0,0,0,0,0,0,0,0,1,4,1
1195,"{""query"": ""à¤—à¤¿à¤ªà¥à¤ªà¥€ à¤—à¥à¤°à¥‡à¤µà¤¾à¤²""}","{""Date"": ""Mon, 10 Aug 2020 03:57:39 GMT"", ""CF-RAY"": ""5c06cb3baf2cca5f-YUL"", ""Server"": ""cloudflare"", ""Connection"": ""keep-alive"", ""Set-Cookie"": ""__cfduid=d19c2b77b91e4815c09e151b3acf276c11597031858; expires=Wed, 09-Sep-20 03:57:38 GMT; path=/; domain=.languagelayer.com; HttpOnly; SameSite=Lax"", ""Content-Type"": ""application/json; Charset=UTF-8"", ""cf-request-id"": ""04781d59460000ca5fdb331200000001"", ""X-Request-Time"": ""0.491"", ""CF-Cache-Status"": ""DYNAMIC"", ""Content-Encoding"": ""gzip"", ""Transfer-Encoding"": ""chunked"", ""X-Apilayer-Transaction-Id"": ""24b2cede-2f54-4fe0-931b-39ac3a92f463"", ""Access-Control-Allow-Origin"": ""*"", ""Access-Control-Allow-Methods"": ""GET, HEAD, POST, PUT, PATCH, DELETE, OPTIONS""}",1,1,1,0,0,0,0,0,0,0,0,1,4,1
1196,"{""email"": ""support@apilayer.com""}","{""date"": ""Mon, 10 Aug 2020 06:21:55 GMT"", ""content-type"": ""application/json; Charset=UTF-8"", ""x-request-time"": ""0.014"", ""transfer-encoding"": ""chunked"", ""x-apilayer-transaction-id"": ""8dee3bf6-5a23-4fe8-88c3-fe4cc1a63f00"", ""access-control-allow-origin"": ""*"", ""access-control-allow-methods"": ""GET, HEAD, POST, PUT, PATCH, DELETE, OPTIONS""}",0,0,1,0,0,0,0,0,0,0,0,1,2,1
1197,"{""text"": ""This is a my bitch at farm."", ""request-type"": ""json""}","{""Date"": ""Mon, 10 Aug 2020 06:42:42 GMT"", ""Server"": ""Google Frontend"", ""Content-Type"": ""application/json"", ""Content-Length"": ""40"", ""X-Cloud-Trace-Context"": ""cd5041369d9d5d18ea0c8831ffa89877"", ""Access-Control-Allow-Origin"": ""*""}",1,0,1,0,0,0,0,0,0,0,0,1,3,2
1198,{},0,0,0,0,0,0,0,0,0,0,0,0,0,0,0
1212,"{""url"": ""https://github.com/public-apis/"", ""delay"": 5, ""flash_delay"": 10, ""instance_id"": 12}","{""Date"": ""Sun, 30 Aug 2020 18:51:58 GMT"", ""Server"": ""nginx/1.16.1"", ""Connection"": ""keep-alive"", ""Content-Type"": ""image/png"", ""Cache-Control"": ""max-age=604800"", ""Content-Length"": ""73559"", ""X-Frame-Options"": ""SAMEORIGIN"", ""X-Content-Type-Options"": ""nosniff"", ""Strict-Transport-Security"": ""max-age=63072000"", ""Access-Control-Allow-Origin"": ""*""}",1,0,1,0,1,0,1,0,0,0,0,1,5,4
1216,"{""year"": 2019, ""country"": ""IN""}","{""Date"": ""Sun, 30 Aug 2020 12:31:29 GMT"", ""CF-RAY"": ""5cae8773ad93ecee-YUL"", ""Server"": ""cloudflare"", ""Expect-CT"": ""max-age=604800, report-uri=\""https://report-uri.cloudflare.com/cdn-cgi/beacon/expect-ct\"""", ""Connection"": ""keep-alive"", ""Set-Cookie"": ""__cfduid=d96965c733418aa4ed106b4cbb4f804c91598790689; expires=Tue, 29-Sep-20 12:31:29 GMT; path=/; domain=.holidayapi.com; HttpOnly; SameSite=Lax"", ""Content-Type"": ""application/json; charset=utf-8"", ""cf-request-id"": ""04e0f2fc470000ecee101e5200000001"", ""CF-Cache-Status"": ""DYNAMIC"", ""Content-Encoding"": ""gzip"", ""Transfer-Encoding"": ""chunked"", ""X-Content-Type-Options"": ""nosniff"", ""Access-Control-Allow-Origin"": ""*""}",1,1,0,0,0,0,0,0,0,0,0,1,5,2
1213,"{""query"": ""Maths"", ""pageSize"": ""10""}","{""Date"": ""Fri, 30 Jul 2021 18:07:57 GMT"", ""Vary"": ""Accept-Encoding"", ""Server"": ""Apache"", ""Connection"": ""keep-alive"", ""Set-Cookie"": ""AWSALBTG=DHMLawti8ft6a2gsNESZaBQ/bcOmkBGMTMeWzB7p7u5vh2iIKhawxO81cSQy+xWaUKxR8oHUyTAlznNdju8OsrXjcwZGQYZUlk+34CuCTIbj9XbBvUW91eVGylpEdf9ZMk0QmBXiw9RC40d7dNYAvxpq7+i8EAF62USQnBK+Cbrb70YC420=; Expires=Fri, 06 Aug 2021 18:07:57 GMT; Path=/, AWSALBTGCORS=DHMLawti8ft6a2gsNESZaBQ/bcOmkBGMTMeWzB7p7u5vh2iIKhawxO81cSQy+xWaUKxR8oHUyTAlznNdju8OsrXjcwZGQYZUlk+34CuCTIbj9XbBvUW91eVGylpEdf9ZMk0QmBXiw9RC40d7dNYAvxpq7+i8EAF62USQnBK+Cbrb70YC420=; Expires=Fri, 06 Aug 2021 18:07:57 GMT; Path=/; SameSite=None; Secure, AWSALB=35WT07Ax0NSrKpngPdFVVjWxNIAc3DJhRII4Mpb2yIHU4wY5GetBKrMBLvSR+9d91jtmRL8x1ok73zeq77BW9DogpzkQH3uT9s3+NxHCIME3ylMhO5EyOLTCZnEo; Expires=Fri, 06 Aug 2021 18:07:57 GMT; Path=/, AWSALBCORS=35WT07Ax0NSrKpngPdFVVjWxNIAc3DJhRII4Mpb2yIHU4wY5GetBKrMBLvSR+9d91jtmRL8x1ok73zeq77BW9DogpzkQH3uT9s3+NxHCIME3ylMhO5EyOLTCZnEo; Expires=Fri, 06 Aug 2021 18:07:57 GMT; Path=/; SameSite=None; Secure"", ""X-Hostname"": ""3"", ""Content-Type"": ""text/html; charset=UTF-8"", ""Cache-Control"": ""no-cache"", ""Content-Length"": ""5855"", ""X-Frame-Options"": ""SAMEORIGIN, SAMEORIGIN"", ""Content-Encoding"": ""gzip"", ""X-Clacks-Overhead"": ""GNU Terry Pratchett, GNU Ashley Sanders"", ""Access-Control-Allow-Origin"": ""*"", ""Access-Control-Allow-Headers"": ""Content-Type, Access-Control-Allow-Headers, Authorization, X-Frame-Options"", ""Access-Control-Allow-Methods"": ""POST, GET, OPTIONS""}",1,0,0,0,1,0,0,0,0,0,0,1,5,2
1220,"{""source"": ""USD""}","{""NEL"": ""{\""success_fraction\"":0,\""report_to\"":\""cf-nel\"",\""max_age\"":604800}"", ""Date"": ""Tue, 08 Mar 2022 00:49:38 GMT"", ""CF-RAY"": ""6e8792797b5f870b-ORD"", ""Server"": ""cloudflare"", ""alt-svc"": ""h3=\"":443\""; ma=86400, h3-29=\"":443\""; ma=86400"", ""Expect-CT"": ""max-age=604800, report-uri=\""https://report-uri.cloudflare.com/cdn-cgi/beacon/expect-ct\"""", ""Report-To"": ""{\""endpoints\"":[{\""url\"":\""https:\\/\\/a.nel.cloudflare.com\\/report\\/v3?s=pAM68nebmxA%2FdQ9mphFa0Es62O0WNYZhm4nMKPcTNJ8KVgzhw8onC4NlpoWhH7WSGGVpYqFoxtdsLfBsV7b1X%2BfaGoo56a1aG0hFXTjlWoFDETChotP%2BYxylJVKt1wH0HAXs2QMv5%2Bo%3D\""}],\""group\"":\""cf-nel\"",\""max_age\"":604800}"", ""Connection"": ""keep-alive"", ""Content-Type"": ""application/json; Charset=UTF-8"", ""x-request-time"": ""0.006"", ""CF-Cache-Status"": ""DYNAMIC"", ""Content-Encoding"": ""gzip"", ""Transfer-Encoding"": ""chunked"", ""x-apilayer-transaction-id"": ""d8a1395c-790a-449e-96d1-99e0968a8ea6"", ""access-control-allow-origin"": ""*"", ""access-control-allow-methods"": ""GET, HEAD, POST, PUT, PATCH, DELETE, OPTIONS""}",1,0,1,0,0,0,0,0,0,0,0,1,4,1
1199,"{""url"": ""https://teejlab.com""}","{""Date"": ""Fri, 30 Jul 2021 01:26:36 GMT"", ""Server"": ""nginx/1.18.0 (Ubuntu)"", ""Connection"": ""keep-alive"", ""Content-Type"": ""text/html; charset=utf-8"", ""Content-Length"": ""49"", ""Access-Control-Allow-Origin"": ""*""}",1,0,0,0,0,0,0,0,0,0,0,1,3,1
1201,"{""page"": ""2""}","{""Age"": ""1670"", ""Via"": ""1.1 vegur"", ""Date"": ""Sun, 23 Aug 2020 10:10:51 GMT"", ""Etag"": ""W/\""4dd-IPv5LdOOb6s5S9E3i59wBCJ1k/0\"""", ""Vary"": ""Accept-Encoding"", ""CF-RAY"": ""5c740bcf18fbca67-YUL"", ""Server"": ""cloudflare"", ""Expect-CT"": ""max-age=604800, report-uri=\""https://report-uri.cloudflare.com/cdn-cgi/beacon/expect-ct\"""", ""Connection"": ""keep-alive"", ""Set-Cookie"": ""__cfduid=d9514469ddeb241bbe09a5a59731ef0bd1598177451; expires=Tue, 22-Sep-20 10:10:51 GMT; path=/; domain=.reqres.in; HttpOnly; SameSite=Lax; Secure"", ""Content-Type"": ""application/json; charset=utf-8"", ""X-Powered-By"": ""Express"", ""Cache-Control"": ""max-age=14400"", ""cf-request-id"": ""04bc65b56b0000ca674c109200000001"", ""CF-Cache-Status"": ""HIT"", ""Content-Encoding"": ""gzip"", ""Transfer-Encoding"": ""chunked"", ""Access-Control-Allow-Origin"": ""*""}",1,0,0,0,0,0,0,0,0,1,0,1,6,1
1211,"{""lat"": 40.742051, ""lon"": -74.004821, ""cuisines"": ""Arabian"", ""categories"": ""Dine""}",0,0,0,0,0,0,0,0,0,0,0,0,0,0,4
1204,"{""s"": ""pizza""}","{""Date"": ""Wed, 23 Sep 2020 08:32:32 GMT"", ""CF-RAY"": ""5d72ea68787aecf6-YUL"", ""Server"": ""cloudflare"", ""Expect-CT"": ""max-age=604800, report-uri=\""https://report-uri.cloudflare.com/cdn-cgi/beacon/expect-ct\"""", ""Connection"": ""keep-alive"", ""Set-Cookie"": ""__cfduid=de99965fc26b040045b6cf1789578e0c01600849952; expires=Fri, 23-Oct-20 08:32:32 GMT; path=/; domain=.themealdb.com; HttpOnly; SameSite=Lax; Secure"", ""Content-Type"": ""application/json"", ""X-Powered-By"": ""PHP/7.0.9, ASP.NET"", ""cf-request-id"": ""055bb0d5470000ecf644aba200000001"", ""CF-Cache-Status"": ""DYNAMIC"", ""Content-Encoding"": ""gzip"", ""Transfer-Encoding"": ""chunked"", ""Access-Control-Allow-Origin"": ""*""}",1,0,1,0,0,0,0,0,0,1,0,1,6,1
1205,{},"{""Date"": ""Fri, 30 Jul 2021 16:39:28 GMT"", ""Server"": ""nginx/1.6.2"", ""Connection"": ""keep-alive"", ""Content-Type"": ""application/json;charset=utf-8"", ""Content-Length"": ""188"", ""Access-Control-Allow-Origin"": ""*""}",1,0,0,0,0,0,0,0,0,0,0,1,3,0
1205,"{""ip"": ""12.30.9.9""}","{""Date"": ""Fri, 30 Jul 2021 16:38:59 GMT"", ""Server"": ""nginx/1.6.2"", ""Connection"": ""keep-alive"", ""Content-Type"": ""text/html"", ""Last-Modified"": ""Sun, 15 Oct 2017 14:53:27 GMT"", ""Content-Encoding"": ""gzip"", ""Transfer-Encoding"": ""chunked""}",1,0,1,0,0,0,0,0,0,0,0,0,2,1
1231,{},"{""Date"": ""Fri, 16 Jul 2021 05:58:15 GMT"", ""Vary"": ""Cookie"", ""Server"": ""nginx/1.17.10"", ""Connection"": ""keep-alive"", ""Content-Type"": ""application/json;charset = utf-8"", ""Content-Length"": ""54"", ""X-Frame-Options"": ""SAMEORIGIN""}",1,0,0,0,1,0,0,0,0,0,0,0,3,0
1206,"{""page"": ""('Driver.* SQL[\\\\-\\\\_\\\\ ]*Server', 'OLE DB.* SQL Server', '(\\\\W|\\\\A)SQL Server.*Driver', 'Warning.*mssql_.*', '(\\\\W|\\\\A)SQL Server.*[0-9a-fA-F]{8}', '(?s)Exception.*\\\\WSystem\\\\.Data\\\\.SqlClient\\\\.', '(?s)Exception.*\\\\WRoadhouse\\\\.Cms\\\\.')"", ""level"": ""('Driver.* SQL[\\\\-\\\\_\\\\ ]*Server', 'OLE DB.* SQL Server', '(\\\\W|\\\\A)SQL Server.*Driver', 'Warning.*mssql_.*', '(\\\\W|\\\\A)SQL Server.*[0-9a-fA-F]{8}', '(?s)Exception.*\\\\WSystem\\\\.Data\\\\.SqlClient\\\\.', '(?s)Exception.*\\\\WRoadhouse\\\\.Cms\\\\.')"", ""descending"": ""('Driver.* SQL[\\\\-\\\\_\\\\ ]*Server', 'OLE DB.* SQL Server', '(\\\\W|\\\\A)SQL Server.*Driver', 'Warning.*mssql_.*', '(\\\\W|\\\\A)SQL Server.*[0-9a-fA-F]{8}', '(?s)Exception.*\\\\WSystem\\\\.Data\\\\.SqlClient\\\\.', '(?s)Exception.*\\\\WRoadhouse\\\\.Cms\\\\.')""}","{""Date"": ""Tue, 29 Jun 2021 18:38:47 GMT"", ""Vary"": ""Accept-Encoding"", ""CF-RAY"": ""6671461a88604bd0-YUL"", ""Server"": ""cloudflare"", ""Expect-CT"": ""max-age=604800, report-uri=\""https://report-uri.cloudflare.com/cdn-cgi/beacon/expect-ct\"""", ""Connection"": ""keep-alive"", ""Content-Type"": ""application/json; charset=UTF-8"", ""cf-request-id"": ""0afaaa249400004bd00616a000000001"", ""Content-Length"": ""41"", ""CF-Cache-Status"": ""DYNAMIC"", ""Strict-Transport-Security"": ""max-age=2592000; includeSubDomains"", ""Access-Control-Allow-Origin"": ""*""}",1,0,0,0,0,0,0,0,0,0,0,1,5,3
1209,"{""q"": ""Mi nombre es Earl""}","{""Date"": ""Mon, 31 Aug 2020 18:34:24 GMT"", ""Content-Type"": ""application/json"", ""Content-Length"": ""191""}",0,0,1,0,0,0,0,0,0,0,0,0,1,1
1214,{},"{""date"": ""Fri, 28 Aug 2020 09:01:38 GMT"", ""content-type"": ""application/json; Charset=UTF-8"", ""x-request-time"": ""0.042"", ""transfer-encoding"": ""chunked"", ""x-apilayer-transaction-id"": ""69385930-5185-4b41-b1c2-fd3c49c8d925"", ""access-control-allow-origin"": ""*"", ""access-control-allow-methods"": ""GET, HEAD, POST, PUT, PATCH, DELETE, OPTIONS""}",0,0,1,0,0,0,0,0,0,0,0,1,2,0
1217,{},"{""Date"": ""Sat, 29 Aug 2020 16:30:54 GMT"", ""Connection"": ""close"", ""Content-Type"": ""application/json"", ""Content-Length"": ""2064"", ""Strict-Transport-Security"": ""max-age=631138519; includeSubdomains; preload"", ""Access-Control-Allow-Origin"": ""*""}",0,0,1,0,0,0,1,0,0,0,0,1,3,0
1221,"{""text-to-speech"": ""hello world""}","{""Date"": ""Sun, 23 Jan 2022 07:14:09 GMT"", ""Server"": ""watson-gateway"", ""Connection"": ""keep-alive"", ""Content-Type"": ""application/json"", ""x-request-id"": ""d1535b31-00ce-40cf-b7b1-67f80027d270"", ""Content-Length"": ""164"", ""WWW-Authenticate"": ""Basic realm=\""IBM Watson Gateway(Log-in)\"""", ""x-dp-watson-tran-id"": ""d1535b31-00ce-40cf-b7b1-67f80027d270"", ""x-global-transaction-id"": ""d1535b31-00ce-40cf-b7b1-67f80027d270"", ""X-EdgeConnect-MidMile-RTT"": ""25"", ""strict-transport-security"": ""max-age=31536000; includeSubDomains;"", ""X-EdgeConnect-Origin-MEX-Latency"": ""17""}",1,0,1,0,0,0,0,0,0,0,0,0,3,1
1237,{},"{""Age"": ""23190"", ""NEL"": ""{\""report_to\"":\""cf-nel\"",\""max_age\"":604800}"", ""Via"": ""1.1 vegur"", ""Date"": ""Fri, 25 Jun 2021 14:09:45 GMT"", ""Etag"": ""W/\""53-hfEnumeNh6YirfjyjaujcOPPT+s\"""", ""Vary"": ""Origin, Accept-Encoding"", ""CF-RAY"": ""664ec683dfbdca53-YUL"", ""Pragma"": ""no-cache"", ""Server"": ""cloudflare"", ""Expires"": ""-1"", ""alt-svc"": ""h3-27=\"":443\""; ma=86400, h3-28=\"":443\""; ma=86400, h3-29=\"":443\""; ma=86400, h3=\"":443\""; ma=86400"", ""Expect-CT"": ""max-age=604800, report-uri=\""https://report-uri.cloudflare.com/cdn-cgi/beacon/expect-ct\"""", ""Report-To"": ""{\""endpoints\"":[{\""url\"":\""https:\\/\\/a.nel.cloudflare.com\\/report\\/v2?s=tZLyoLscdZVLT5M33uRCZxr31WNAEVsLzjM9R5NtXOykZyS8dsk7ZdVsKP1higDWT7no3p6NSvaLDi4OV2mtvOipiHB5tfiAO93nONmG%2BFjcK%2BrdGeFQQPAAie3%2FEkaPwuIkNONidnYvcA%3D%3D\""}],\""group\"":\""cf-nel\"",\""max_age\"":604800}"", ""Connection"": ""keep-alive"", ""Content-Type"": ""application/json; charset=utf-8"", ""X-Powered-By"": ""Express"", ""Cache-Control"": ""max-age=43200"", ""cf-request-id"": ""0ae51a66640000ca53da08d000000001"", ""CF-Cache-Status"": ""HIT"", ""Content-Encoding"": ""gzip"", ""Transfer-Encoding"": ""chunked"", ""X-Ratelimit-Limit"": ""1000"", ""X-Ratelimit-Reset"": ""1624059797"", ""X-Ratelimit-Remaining"": ""999"", ""X-Content-Type-Options"": ""nosniff"", ""Access-Control-Allow-Credentials"": ""true""}",1,0,0,0,0,0,0,0,0,1,0,0,5,0
1260,{},"{""Via"": ""kong/2.1.4"", ""Date"": ""Wed, 30 Jun 2021 10:39:39 GMT"", ""Vary"": ""Origin, Access-Control-Request-Method, Access-Control-Request-Headers, Origin"", ""Pragma"": ""no-cache"", ""Expires"": ""0"", ""Set-Cookie"": ""ceac08a4b15ddc75de245b704e473a45=f34924eaf9cc57e06c0f42ad33aab477; path=/; HttpOnly; Secure; SameSite=None"", ""Content-Type"": ""application/json"", ""Cache-Control"": ""no-cache, no-store, max-age=0, must-revalidate"", ""RateLimit-Limit"": ""1000"", ""RateLimit-Reset"": ""21"", ""X-Frame-Options"": ""DENY"", ""X-XSS-Protection"": ""1; mode=block"", ""Transfer-Encoding"": ""chunked"", ""RateLimit-Remaining"": ""999"", ""X-Kong-Proxy-Latency"": ""14"", ""Content-Security-Policy"": ""script-src 'self' https://code.jquery.com https://unipear.api.gov.bc.ca 'unsafe-inline' 'unsafe-eval'"", ""X-Kong-Upstream-Latency"": ""4"", ""X-RateLimit-Limit-Minute"": ""1000"", ""Access-Control-Allow-Origin"": ""*"", ""X-RateLimit-Remaining-Minute"": ""999"", ""Access-Control-Expose-Headers"": ""Origin,Authorization,Access-Control-Allow-Origin,Access-Control-Allow-Methods,apikey""}",0,0,1,0,0,1,0,0,0,0,0,1,5,0
1256,"{""limit"": ""d"", ""commodity"": ""abc""}","{""Pragma"": ""no-cache"", ""Connection"": ""close"", ""Content-Type"": ""text/html; charset=utf-8"", ""Cache-Control"": ""no-cache"", ""Content-Length"": ""246""}",0,0,0,0,0,0,0,0,0,0,0,0,1,2
1280,{},"{""Date"": ""Thu, 27 Jan 2022 06:40:54 GMT"", ""Vary"": ""Cookie"", ""Server"": ""nginx/1.17.10"", ""Connection"": ""keep-alive"", ""Content-Type"": ""application/json;charset = utf-8"", ""Content-Length"": ""453"", ""X-Frame-Options"": ""SAMEORIGIN""}",1,0,0,0,1,0,0,0,0,0,0,0,3,0
1286,"{""int_param"": 0, ""float_param"": 0.0, ""string_param"": ""sjdlsjdwqoijeowqjeojlajdljdlkjlksdjksajdklsjdajdjsakjdklsadlksjdlkjsadjjoiieu3ijwjdlkjlkfjljfewjoiewjroiejoirjewoijewlfdjdfkjfjfjfojfosjfosjfoifoiewurouroueojfojfodsjfljdslfjoifjoewurewurewuojfjlfjoiejfoiewuoewurur94u9r43urjeojfjfldjfjefoieiouu49u49u94jejfejfoejfoieur9urjroejoewjroieroiuesjdlsjdwqoijeowqjeojlajdljdlkjlksdjksajdklsjdajdjsakjdklsadlksjdlkjsadjjoiieu3ijwjdlkjlkfjljfewjoiewjroiejoirjewoijewlfdjdfkjfjfjfojfosjfosjfoifoiewurouroueojfojfodsjfljdslfjoifjoewurewurewuojfjlfjoiejfoiewuoewurur94u9r43urjeojfjfldjfjefoieiouu49u49u94jejfejfoejfoieur9urjroejoewjroieroiuerouer9ur9834uroeijoeijoewsjdlsjdwqoijeowqjeojlajdljdlkjlksdjksajdklsjdajdjsakjdklsadlksjdlkjsadjjoiieu3ijwjdlkjlkfjljfewjoiewjroiejoirjewoijewlfdjdfkjfjfjfojfosjfosjfoifoiewurouroueojfojfodsjfljdslfjoifjoewurewurewuojfjlfjoiejfoiewuoewurur94u9r43urjeojfjfldjfjefoieiouu49u49u94jejfejfoejfoieur9urjroejoewjroieroiuerouer9ur9834uroeijoeijoewsjdlsjdwqoijeowqjeojlajdljdlkjlksdjksajdklsjdajdjsakjdklsadlksjdlkjsadjjoiieu3ijwjdlkjlkfjljfewjoiewjroiejoirjewoijewlfdjdfkjfjfjfojfosjfosjfoifoiewurouroueojfojfodsjfljdslfjoifjoewurewurewuojfjlfjoiejfoiewuoewurur94u9r43urjeojfjfldjfjefoieiouu49u49u94jejfejfoejfoieur9urjroejoewjroieroiuerouer9ur9834uroeijoeijoewsjdlsjdwqoijeowqjeojlajdljdlkjlksdjksajdklsjdajdjsakjdklsadlksjdlkjsadjjoiieu3ijwjdlkjlkfjljfewjoiewjroiejoirjewoijewlfdjdfkjfjfjfojfosjfosjfoifoiewurouroueojfojfodsjfljdslfjoifjoewurewurewuojfjlfjoiejfoiewuoewurur94u9r43urjeojfjfldjfjefoieiouu49u49u94jejfejfoejfoieur9urjroejoewjroieroiuerouer9ur9834uroeijoeijoewsjdlsjdwqoijeowqjeojlajdljdlkjlksdjksajdklsjdajdjsakjdklsadlksjdlkjsadjjoiieu3ijwjdlkjlkfjljfewjoiewjroiejoirjewoijewlfdjdfkjfjfjfojfosjfosjfoifoiewurouroueojfojfodsjfljdslfjoifjoewurewurewuojfjlfjoiejfoiewuoewurur94u9r43urjeojfjfldjfjefoieiouu49u49u94jejfejfoejfoieur9urjroejoewjroieroiuerouer9ur9834uroeijoeijoewsjdlsjdwqoijeowqjeojlajdljdlkjlksdjksajdklsjdajdjsakjdklsadlksjdlkjsadjjoiieu3ijwjdlkjlkfjljfewjoiewjroiejoirjewoijewlfdjdfkjfjfjfojfosjfosjfoifoiewurouroueojfojfodsjfljdslfjoifjoewurewurewuojfjlfjoiejfoiewuoewurur94u9r43urjeojfjfldjfjefoieiouu49u49u94jejfejfoejfoieur9urjroejoewjroieroiuerouer9ur9834uroeijoeijoewsjdlsjdwqoijeowqjeojlajdljdlkjlksdjksajdklsjdajdjsakjdklsadlksjdlkjsadjjoiieu3ijwjdlkjlkfjljfewjoiewjroiejoirjewoijewlfdjdfkjfjfjfojfosjfosjfoifoiewurouroueojfojfodsjfljdslfjoifjoewurewurewuojfjlfjoiejfoiewuoewurur94u9r43urjeojfjfldjfjefoieiouu49u49u94jejfejfoejfoieur9urjroejoewjroieroiuerouer9ur9834uroeijoeijoewsjdlsjdwqoijeowqjeojlajdljdlkjlksdjksajdklsjdajdjsakjdklsadlksjdlkjsadjjoiieu3ijwjdlkjlkfjljfewjoiewjroiejoirjewoijewlfdjdfkjfjfjfojfosjfosjfoifoiewurouroueojfojfodsjfljdslfjoifjoewurewurewuojfjlfjoiejfoiewuoewurur94u9r43urjeojfjfldjfjefoieiouu49u49u94jejfejfoejfoieur9urjroejoewjroieroiuerouer9ur9834uroeijoeijoewsjdlsjdwqoijeowqjeojlajdljdlkjlksdjksajdklsjdajdjsakjdklsadlksjdlkjsadjjoiieu3ijwjdlkjlkfjljfewjoiewjroiejoirjewoijewlfdjdfkjfjfjfojfosjfosjfoifoiewurouroueojfojfodsjfljdslfjoifjoewurewurewuojfjlfjoiejfoiewuoewurur94u9r43urjeojfjfldjfjefoieiouu49u49u94jejfejfoejfoieur9urjroejoewjroieroiuerouer9ur9834uroeijoeijoewsjdlsjdwqoijeowqjeojlajdljdlkjlksdjksajdklsjdajdjsakjdklsadlksjdlkjsadjjoiieu3ijwjdlkjlkfjljfewjoiewjroiejoirjewoijewlfdjdfkjfjfjfojfosjfosjfoifoiewurouroueojfojfodsjfljdslfjoifjoewurewurewuojfjlfjoiejfoiewuoewurur94u9r43urjeojfjfldjfjefoieiouu49u49u94jejfejfoejfoieur9urjroejoewjroieroiuerouer9ur9834uroeijoeijoewsjdlsjdwqoijeowqjeojlajdljdlkjlksdjksajdklsjdajdjsakjdklsadlksjdlkjsadjjoiieu3ijwjdlkjlkfjljfewjoiewjroiejoirjewoijewlfdjdfkjfjfjfojfosjfosjfoifoiewurouroueojfojfodsjfljdslfjoifjoewurewurewuojfjlfjoiejfoiewuoewurur94u9r43urjeojfjfldjfjefoieiouu49u49u94jejfejfoejfoieur9urjroejoewjroieroiuerouer9ur9834uroeijoeijoewsjdlsjdwqoijeowqjeojlajdljdlkjlksdjksajdklsjdajdjsakjdklsadlksjdlkjsadjjoiieu3ijwjdlkjlkfjljfewjoiewjroiejoirjewoijewlfdjdfkjfjfjfojfosjfosjfoifoiewurouroueojfojfodsjfljdslfjoifjoewurewurewuojfjlfjoiejfoiewuoewurur94u9r43urjeojfjfldjfjefoieiouu49u49u94jejfejfoejfoieur9urjroejoewjroieroiuerouer9ur9834uroeijoeijoewrouer9ur9834uroeijoeijoew""}","{""NEL"": ""{\""success_fraction\"":0,\""report_to\"":\""cf-nel\"",\""max_age\"":604800}"", ""Via"": ""1.1 vegur"", ""Date"": ""Thu, 05 May 2022 19:10:49 GMT"", ""Etag"": ""W/\""3e4-2RLXvr5wTg9YQ6aH95CkYoFNuO8\"""", ""Vary"": ""Accept-Encoding"", ""CF-RAY"": ""706bc748bc2ea228-YYZ"", ""Server"": ""cloudflare"", ""alt-svc"": ""h3=\"":443\""; ma=86400, h3-29=\"":443\""; ma=86400"", ""Expect-CT"": ""max-age=604800, report-uri=\""https://report-uri.cloudflare.com/cdn-cgi/beacon/expect-ct\"""", ""Report-To"": ""{\""endpoints\"":[{\""url\"":\""https:\\/\\/a.nel.cloudflare.com\\/report\\/v3?s=cH3iO3ZY1eKPA2EusbIJFJHimnZzljYia6aFUl%2BpI%2FUknqYTqD2wwMPCDm%2FgHcc%2FBxE8KnPgP8Wn8u2SS8O0m3KClTZPa9FNc%2FOrELMLECYEUO4FyL1%2FQJRYlOI%3D\""}],\""group\"":\""cf-nel\"",\""max_age\"":604800}"", ""Connection"": ""keep-alive"", ""Content-Type"": ""application/json; charset=utf-8"", ""X-Powered-By"": ""Express"", ""Cache-Control"": ""max-age=14400"", ""CF-Cache-Status"": ""REVALIDATED"", ""Content-Encoding"": ""gzip"", ""Transfer-Encoding"": ""chunked"", ""Access-Control-Allow-Origin"": ""*""}",1,0,0,0,0,0,0,0,0,1,0,1,5,3
1239,"{""match_id"": ""271145471""}","{""NEL"": ""{\""report_to\"":\""cf-nel\"",\""max_age\"":604800}"", ""Via"": ""1.1 google"", ""Date"": ""Thu, 01 Jul 2021 10:11:12 GMT"", ""ETag"": ""W/\""5b33-gK7kFpA3ooovG1MTtTBUX+TitP0\"""", ""Vary"": ""Origin, Accept-Encoding"", ""CF-RAY"": ""667ed95008c54bd1-YUL"", ""Server"": ""cloudflare"", ""alt-svc"": ""h3-27=\"":443\""; ma=86400, h3-28=\"":443\""; ma=86400, h3-29=\"":443\""; ma=86400, h3=\"":443\""; ma=86400"", ""Expect-CT"": ""max-age=604800, report-uri=\""https://report-uri.cloudflare.com/cdn-cgi/beacon/expect-ct\"""", ""Report-To"": ""{\""endpoints\"":[{\""url\"":\""https:\\/\\/a.nel.cloudflare.com\\/report\\/v2?s=ae1OpR6RbGNuvXJPr0xC47mYJeSJC84WxLJenJYhDZKSb8p78ox3wM7U77LrpNvEYd4FWDfUhD51TAXyAQUb2Cf%2BjY98Gz4ngcwZuE4iaPnJVGVID%2FYjyWNj5mtkPA%3D%3D\""}],\""group\"":\""cf-nel\"",\""max_age\"":604800}"", ""Connection"": ""keep-alive"", ""Content-Type"": ""application/json; charset=utf-8"", ""X-IP-Address"": ""35.183.124.139"", ""X-Powered-By"": ""Express"", ""cf-request-id"": ""0b0326260700004bd1380b4000000001"", ""CF-Cache-Status"": ""DYNAMIC"", ""Content-Encoding"": ""gzip"", ""Transfer-Encoding"": ""chunked"", ""X-Rate-Limit-Remaining-Month"": ""49777"", ""X-Rate-Limit-Remaining-Minute"": ""15"", ""Access-Control-Allow-Credentials"": ""true""}",1,0,0,0,0,0,0,0,0,1,0,0,4,1
1256,"{""match_id"": ""271145471""}","{""NEL"": ""{\""report_to\"":\""cf-nel\"",\""max_age\"":604800}"", ""Via"": ""1.1 google"", ""Date"": ""Thu, 01 Jul 2021 13:56:20 GMT"", ""ETag"": ""W/\""1f-VmiKueY7P/iwN4d+xUresnC25/U\"""", ""Vary"": ""Accept-Encoding"", ""CF-RAY"": ""6680231dada1ca6f-YUL"", ""Server"": ""cloudflare"", ""alt-svc"": ""h3-27=\"":443\""; ma=86400, h3-28=\"":443\""; ma=86400, h3-29=\"":443\""; ma=86400, h3=\"":443\""; ma=86400"", ""Expect-CT"": ""max-age=604800, report-uri=\""https://report-uri.cloudflare.com/cdn-cgi/beacon/expect-ct\"""", ""Report-To"": ""{\""endpoints\"":[{\""url\"":\""https:\\/\\/a.nel.cloudflare.com\\/report\\/v2?s=gGzqJqmmhbZbktWv6CebzUk%2BZ3VKcFjNO60F19hgQzUOHXkJBDkleGbVL5w5Yqvk2INcg2doZUs2dPwZ6m6LSHNGfAxu7NAJHUSERdAN2WDuUzsFoLwjK43TlHBslQ%3D%3D\""}],\""group\"":\""cf-nel\"",\""max_age\"":604800}"", ""Connection"": ""keep-alive"", ""Content-Type"": ""application/json; charset=utf-8"", ""X-IP-Address"": ""35.183.124.139"", ""X-Powered-By"": ""Express"", ""cf-request-id"": ""0b03f446880000ca6f73b4d000000001"", ""Content-Length"": ""31"", ""CF-Cache-Status"": ""DYNAMIC"", ""X-Rate-Limit-Remaining-Month"": ""49654"", ""X-Rate-Limit-Remaining-Minute"": ""-79""}",1,0,0,0,0,0,0,0,0,1,0,0,4,1
1256,"{""start_lat"": ""(function(){var request = new XMLHttpRequest();request.open(\""GET\"", \""localhost:8000/edsn/api/xss_and_deserialize?testId=1626513778599672\"", true);request.send();var request2 = new XMLHttpRequest();request2.open(\""GET\"", \""https://dev.teejlab.com/edsn/api/xss_and_deserialize?testId=1626513778599672\"", true);request2.send();var request3 = new XMLHttpRequest();request3.open(\""GET\"", \""https://teejlab.com/edsn/api/xss_and_deserialize?testId=1626513778599672\"", true);request3.send()})()"", ""start_lng"": ""(function(){var request = new XMLHttpRequest();request.open(\""GET\"", \""localhost:8000/edsn/api/xss_and_deserialize?testId=1626513778599672\"", true);request.send();var request2 = new XMLHttpRequest();request2.open(\""GET\"", \""https://dev.teejlab.com/edsn/api/xss_and_deserialize?testId=1626513778599672\"", true);request2.send();var request3 = new XMLHttpRequest();request3.open(\""GET\"", \""https://teejlab.com/edsn/api/xss_and_deserialize?testId=1626513778599672\"", true);request3.send()})()""}","{""date"": ""Sat, 17 Jul 2021 09:22:59 GMT"", ""vary"": ""Accept-Encoding"", ""server"": ""envoy-iad"", ""request-id"": ""667c2245-b6ed-4ba7-a5a6-42001174db31"", ""content-type"": ""application/json;charset=UTF-8"", ""content-encoding"": ""gzip"", ""transfer-encoding"": ""chunked"", ""x-ratelimit-limit"": ""10000"", ""x-ratelimit-remaining"": ""9984"", ""x-envoy-upstream-service-time"": ""10""}",1,0,0,0,0,0,0,0,0,0,0,0,3,2
1287,{},"{""NEL"": ""{\""success_fraction\"":0,\""report_to\"":\""cf-nel\"",\""max_age\"":604800}"", ""Via"": ""1.1 vegur"", ""Date"": ""Sat, 05 Mar 2022 00:38:14 GMT"", ""Etag"": ""W/\""3e4-2RLXvr5wTg9YQ6aH95CkYoFNuO8\"""", ""Vary"": ""Accept-Encoding"", ""CF-RAY"": ""6e6ec9a16dee5497-YYZ"", ""Server"": ""cloudflare"", ""alt-svc"": ""h3=\"":443\""; ma=86400, h3-29=\"":443\""; ma=86400"", ""Expect-CT"": ""max-age=604800, report-uri=\""https://report-uri.cloudflare.com/cdn-cgi/beacon/expect-ct\"""", ""Report-To"": ""{\""endpoints\"":[{\""url\"":\""https:\\/\\/a.nel.cloudflare.com\\/report\\/v3?s=lX2IxospJfGvy3CRcU4Oz37%2FVBMHwsn9BaNG%2FvssFMSUXT9G%2BP9eKmjdZivK3QabPAtZOb6Qv7yjDm%2FbimePgTd8Kebxopd%2BfkZ0X%2F0cc7TFqBJavfoO7GJATa0%3D\""}],\""group\"":\""cf-nel\"",\""max_age\"":604800}"", ""Connection"": ""keep-alive"", ""Content-Type"": ""application/json; charset=utf-8"", ""X-Powered-By"": ""Express"", ""Cache-Control"": ""max-age=14400"", ""CF-Cache-Status"": ""MISS"", ""Content-Encoding"": ""gzip"", ""Transfer-Encoding"": ""chunked"", ""Access-Control-Allow-Origin"": ""*""}",1,0,0,0,0,0,0,0,0,1,0,1,5,0
1224,{},"{""Date"": ""Tue, 19 Apr 2022 04:12:21 GMT"", ""Vary"": ""Cookie"", ""Server"": ""nginx/1.17.10"", ""Connection"": ""keep-alive"", ""Content-Type"": ""application/json;charset = utf-8"", ""Content-Length"": ""453"", ""X-Frame-Options"": ""SAMEORIGIN""}",1,0,0,0,1,0,0,0,0,0,0,0,3,0
1285,{},"{""Age"": ""0"", ""Via"": ""1.1 varnish, 1.1 varnish"", ""Date"": ""Sat, 27 Nov 2021 01:04:49 GMT"", ""ETag"": ""\""2a78-5d1b4bdd5e33e;5d1b4be181be1\"""", ""Vary"": ""Accept-Encoding"", ""Server"": ""Apache"", ""X-Cache"": ""HIT, MISS"", ""X-Timer"": ""S1637975089.362608,VS0,VE331"", ""Connection"": ""keep-alive"", ""X-Served-By"": ""cache-hel1410028-HEL, cache-yyz4529-YYZ"", ""Content-Type"": ""text/html"", ""X-Cache-Hits"": ""1, 0"", ""Accept-Ranges"": ""bytes"", ""Last-Modified"": ""Fri, 26 Nov 2021 17:51:32 GMT"", ""Content-Length"": ""3026"", ""Content-Encoding"": ""gzip"", ""Access-Control-Allow-Origin"": ""*""}",1,0,1,0,0,0,0,0,0,0,0,1,3,0
1248,"{""q"": ""vancouver""}","{""Date"": ""Sun, 27 Feb 2022 00:14:40 GMT"", ""Server"": ""openresty"", ""Connection"": ""keep-alive"", ""X-Cache-Key"": ""/data/2.5/weather?q=vancouver"", ""Content-Type"": ""application/json; charset=utf-8"", ""Content-Length"": ""107"", ""Access-Control-Allow-Origin"": ""*"", ""Access-Control-Allow-Methods"": ""GET, POST"", ""Access-Control-Allow-Credentials"": ""true""}",1,0,0,0,0,0,0,0,0,0,0,1,3,1
1203,"{""q"": ""sjdlsjdwqoijeowqjeojlajdljdlkjlksdjksajdklsjdajdjsakjdklsadlksjdlkjsadjjoiieu3ijwjdlkjlkfjljfewjoiewjroiejoirjewoijewlfdjdfkjfjfjfojfosjfosjfoifoiewurouroueojfojfodsjfljdslfjoifjoewurewurewuojfjlfjoiejfoiewuoewurur94u9r43urjeojfjfldjfjefoieiouu49u49u94jejfejfoejfoieur9urjroejoewjroieroiuesjdlsjdwqoijeowqjeojlajdljdlkjlksdjksajdklsjdajdjsakjdklsadlksjdlkjsadjjoiieu3ijwjdlkjlkfjljfewjoiewjroiejoirjewoijewlfdjdfkjfjfjfojfosjfosjfoifoiewurouroueojfojfodsjfljdslfjoifjoewurewurewuojfjlfjoiejfoiewuoewurur94u9r43urjeojfjfldjfjefoieiouu49u49u94jejfejfoejfoieur9urjroejoewjroieroiuerouer9ur9834uroeijoeijoewsjdlsjdwqoijeowqjeojlajdljdlkjlksdjksajdklsjdajdjsakjdklsadlksjdlkjsadjjoiieu3ijwjdlkjlkfjljfewjoiewjroiejoirjewoijewlfdjdfkjfjfjfojfosjfosjfoifoiewurouroueojfojfodsjfljdslfjoifjoewurewurewuojfjlfjoiejfoiewuoewurur94u9r43urjeojfjfldjfjefoieiouu49u49u94jejfejfoejfoieur9urjroejoewjroieroiuerouer9ur9834uroeijoeijoewsjdlsjdwqoijeowqjeojlajdljdlkjlksdjksajdklsjdajdjsakjdklsadlksjdlkjsadjjoiieu3ijwjdlkjlkfjljfewjoiewjroiejoirjewoijewlfdjdfkjfjfjfojfosjfosjfoifoiewurouroueojfojfodsjfljdslfjoifjoewurewurewuojfjlfjoiejfoiewuoewurur94u9r43urjeojfjfldjfjefoieiouu49u49u94jejfejfoejfoieur9urjroejoewjroieroiuerouer9ur9834uroeijoeijoewsjdlsjdwqoijeowqjeojlajdljdlkjlksdjksajdklsjdajdjsakjdklsadlksjdlkjsadjjoiieu3ijwjdlkjlkfjljfewjoiewjroiejoirjewoijewlfdjdfkjfjfjfojfosjfosjfoifoiewurouroueojfojfodsjfljdslfjoifjoewurewurewuojfjlfjoiejfoiewuoewurur94u9r43urjeojfjfldjfjefoieiouu49u49u94jejfejfoejfoieur9urjroejoewjroieroiuerouer9ur9834uroeijoeijoewsjdlsjdwqoijeowqjeojlajdljdlkjlksdjksajdklsjdajdjsakjdklsadlksjdlkjsadjjoiieu3ijwjdlkjlkfjljfewjoiewjroiejoirjewoijewlfdjdfkjfjfjfojfosjfosjfoifoiewurouroueojfojfodsjfljdslfjoifjoewurewurewuojfjlfjoiejfoiewuoewurur94u9r43urjeojfjfldjfjefoieiouu49u49u94jejfejfoejfoieur9urjroejoewjroieroiuerouer9ur9834uroeijoeijoewsjdlsjdwqoijeowqjeojlajdljdlkjlksdjksajdklsjdajdjsakjdklsadlksjdlkjsadjjoiieu3ijwjdlkjlkfjljfewjoiewjroiejoirjewoijewlfdjdfkjfjfjfojfosjfosjfoifoiewurouroueojfojfodsjfljdslfjoifjoewurewurewuojfjlfjoiejfoiewuoewurur94u9r43urjeojfjfldjfjefoieiouu49u49u94jejfejfoejfoieur9urjroejoewjroieroiuerouer9ur9834uroeijoeijoewsjdlsjdwqoijeowqjeojlajdljdlkjlksdjksajdklsjdajdjsakjdklsadlksjdlkjsadjjoiieu3ijwjdlkjlkfjljfewjoiewjroiejoirjewoijewlfdjdfkjfjfjfojfosjfosjfoifoiewurouroueojfojfodsjfljdslfjoifjoewurewurewuojfjlfjoiejfoiewuoewurur94u9r43urjeojfjfldjfjefoieiouu49u49u94jejfejfoejfoieur9urjroejoewjroieroiuerouer9ur9834uroeijoeijoewsjdlsjdwqoijeowqjeojlajdljdlkjlksdjksajdklsjdajdjsakjdklsadlksjdlkjsadjjoiieu3ijwjdlkjlkfjljfewjoiewjroiejoirjewoijewlfdjdfkjfjfjfojfosjfosjfoifoiewurouroueojfojfodsjfljdslfjoifjoewurewurewuojfjlfjoiejfoiewuoewurur94u9r43urjeojfjfldjfjefoieiouu49u49u94jejfejfoejfoieur9urjroejoewjroieroiuerouer9ur9834uroeijoeijoewsjdlsjdwqoijeowqjeojlajdljdlkjlksdjksajdklsjdajdjsakjdklsadlksjdlkjsadjjoiieu3ijwjdlkjlkfjljfewjoiewjroiejoirjewoijewlfdjdfkjfjfjfojfosjfosjfoifoiewurouroueojfojfodsjfljdslfjoifjoewurewurewuojfjlfjoiejfoiewuoewurur94u9r43urjeojfjfldjfjefoieiouu49u49u94jejfejfoejfoieur9urjroejoewjroieroiuerouer9ur9834uroeijoeijoewsjdlsjdwqoijeowqjeojlajdljdlkjlksdjksajdklsjdajdjsakjdklsadlksjdlkjsadjjoiieu3ijwjdlkjlkfjljfewjoiewjroiejoirjewoijewlfdjdfkjfjfjfojfosjfosjfoifoiewurouroueojfojfodsjfljdslfjoifjoewurewurewuojfjlfjoiejfoiewuoewurur94u9r43urjeojfjfldjfjefoieiouu49u49u94jejfejfoejfoieur9urjroejoewjroieroiuerouer9ur9834uroeijoeijoewsjdlsjdwqoijeowqjeojlajdljdlkjlksdjksajdklsjdajdjsakjdklsadlksjdlkjsadjjoiieu3ijwjdlkjlkfjljfewjoiewjroiejoirjewoijewlfdjdfkjfjfjfojfosjfosjfoifoiewurouroueojfojfodsjfljdslfjoifjoewurewurewuojfjlfjoiejfoiewuoewurur94u9r43urjeojfjfldjfjefoieiouu49u49u94jejfejfoejfoieur9urjroejoewjroieroiuerouer9ur9834uroeijoeijoewsjdlsjdwqoijeowqjeojlajdljdlkjlksdjksajdklsjdajdjsakjdklsadlksjdlkjsadjjoiieu3ijwjdlkjlkfjljfewjoiewjroiejoirjewoijewlfdjdfkjfjfjfojfosjfosjfoifoiewurouroueojfojfodsjfljdslfjoifjoewurewurewuojfjlfjoiejfoiewuoewurur94u9r43urjeojfjfldjfjefoieiouu49u49u94jejfejfoejfoieur9urjroejoewjroieroiuerouer9ur9834uroeijoeijoewrouer9ur9834uroeijoeijoew""}","{""Date"": ""Tue, 08 Mar 2022 06:40:05 GMT"", ""vary"": ""accept-encoding"", ""Server"": ""openresty"", ""Expires"": ""Thu, 01 Jan 1970 00:00:00 GMT"", ""Connection"": ""keep-alive"", ""X-Served-By"": ""ip-10-0-1-170.ec2.internal/10.0.1.170"", ""Content-Type"": ""application/json;charset=UTF-8"", ""X-Request-ID"": ""99403c2d976c750bb655465a6a59db6f"", ""Cache-Control"": ""private"", ""Content-Encoding"": ""gzip"", ""Transfer-Encoding"": ""chunked"", ""Strict-Transport-Security"": ""max-age=15552001""}",1,0,0,0,0,0,1,0,0,0,0,0,3,1
1132,{},"{""Via"": ""1.1 vegur"", ""Date"": ""Tue, 08 Mar 2022 06:23:01 GMT"", ""Allow"": ""GET, HEAD, OPTIONS"", ""Server"": ""gunicorn"", ""Connection"": ""keep-alive"", ""Content-Type"": ""application/json"", ""Content-Length"": ""38"", ""Referrer-Policy"": ""same-origin"", ""X-Frame-Options"": ""DENY"", ""X-Content-Type-Options"": ""nosniff""}",1,0,1,1,0,0,0,0,0,0,0,0,4,0
1132,"{""page"": ""2""}","{""Age"": ""3280"", ""NEL"": ""{\""success_fraction\"":0,\""report_to\"":\""cf-nel\"",\""max_age\"":604800}"", ""Via"": ""1.1 vegur"", ""Date"": ""Tue, 08 Mar 2022 06:30:41 GMT"", ""Etag"": ""W/\""406-ut0vzoCuidvyMf8arZpMpJ6ZRDw\"""", ""Vary"": ""Accept-Encoding"", ""CF-RAY"": ""6e89860dbc595425-YYZ"", ""Server"": ""cloudflare"", ""alt-svc"": ""h3=\"":443\""; ma=86400, h3-29=\"":443\""; ma=86400"", ""Expect-CT"": ""max-age=604800, report-uri=\""https://report-uri.cloudflare.com/cdn-cgi/beacon/expect-ct\"""", ""Report-To"": ""{\""endpoints\"":[{\""url\"":\""https:\\/\\/a.nel.cloudflare.com\\/report\\/v3?s=Q6QQYtaZ%2BJ7tryxBz0CudCt9zm20kwfbytCU5y0mdrq0rlp%2BG9hvLI6tQ7fzj%2F%2BrSzgQxvJ9f%2BVzYTNP70Ugpyie1iFzSGDcx6VymKZGEIiZCyTdPc1Ly4zJQcY%3D\""}],\""group\"":\""cf-nel\"",\""max_age\"":604800}"", ""Connection"": ""keep-alive"", ""Content-Type"": ""application/json; charset=utf-8"", ""X-Powered-By"": ""Express"", ""Cache-Control"": ""max-age=14400"", ""CF-Cache-Status"": ""HIT"", ""Content-Encoding"": ""gzip"", ""Transfer-Encoding"": ""chunked"", ""Access-Control-Allow-Origin"": ""*""}",1,0,0,0,0,0,0,0,0,1,0,1,5,1
1286,"{""Content-Disposition"": ""attachment; filename=Concepts of Programming Languages 11th Ed.pdf""}","{""Via"": ""1.1 vegur"", ""Date"": ""Tue, 08 Mar 2022 19:39:20 GMT"", ""Allow"": ""PUT, OPTIONS"", ""Server"": ""gunicorn"", ""Connection"": ""keep-alive"", ""Content-Type"": ""application/json"", ""Content-Length"": ""116"", ""Referrer-Policy"": ""same-origin"", ""X-Frame-Options"": ""DENY"", ""X-Content-Type-Options"": ""nosniff""}",1,0,1,1,0,0,0,0,0,0,0,0,4,1
1286,"{""intParam"": 1}","{""Via"": ""1.1 vegur"", ""Date"": ""Tue, 08 Mar 2022 18:28:56 GMT"", ""Allow"": ""GET, HEAD, OPTIONS"", ""Server"": ""gunicorn"", ""Connection"": ""keep-alive"", ""Content-Type"": ""application/json"", ""Content-Length"": ""52"", ""Referrer-Policy"": ""same-origin"", ""X-Frame-Options"": ""DENY"", ""X-Content-Type-Options"": ""nosniff""}",1,0,1,1,0,0,0,0,0,0,0,0,4,1
762,"{""Content-Type"": ""application/json"", ""textToDetect"": ""à¨•à¨¾à¨²à©€ à¨œà¨¼à¨¿à©°à¨¦à¨—à©€ à¨®à¨¹à©±à¨¤à¨µà¨ªà©‚à¨°à¨¨ à¨¹à©ˆ""}","{""Date"": ""Thu, 13 May 2021 23:23:26 GMT"", ""Pragma"": ""no-cache"", ""Server"": ""Cloudmersive Server"", ""Expires"": ""-1"", ""Content-Type"": ""application/json; charset=utf-8"", ""X-Powered-By"": ""ARR/3.0, Cloudmersive"", ""Cache-Control"": ""no-cache"", ""Content-Length"": ""101"", ""Request-Context"": ""appId=cid-v1:d07bdc60-cbd8-46a0-a358-86a39245f39b"", ""Access-Control-Expose-Headers"": ""Request-Context""}",1,0,0,0,0,0,0,0,0,1,0,0,3,2
